적출일,공매도 거래제한일_시작일,공매도 거래제한일_종료일,종목코드,종목명,시장구분,공매도 과열종목 적출 지표_과거40거래일 중 종목 거래일수,공매도 과열종목 적출 지표_공매도비중,공매도 과열종목 적출 지표_주가 수익률,공매도 과열종목 적출 지표_공매도 거래대금 증가배율,공매도 과열종목 적출 지표_직전40거래일 공매도비중 평균,지정유형
"2022/07/08","2022/07/11","2022/07/11","068760","셀트리온제약","KOSDAQ","40",,,"6.48","9.91","유형3"
"2022/07/08","2022/07/11","2022/07/11","027360","아주IB투자","KOSDAQ","40",,,"5.05","10.60","유형3"
"2022/07/07","2022/07/08","2022/07/08","092190","서울바이오시스","KOSDAQ","40",,,"6.08","9.71","유형3"
"2022/07/05","2022/07/06","2022/07/06","027360","아주IB투자","KOSDAQ","40",,,"6.23","10.68","유형3"
"2022/07/04","2022/07/05","2022/07/05","213420","덕산네오룩스","KOSDAQ","40",,,"5.36","8.48","유형3"
"2022/06/30","2022/07/01","2022/07/01","086900","메디톡스","KOSDAQ","40",,,"6.85","12.15","유형3"
"2022/06/28","2022/06/29","2022/06/29","048530","인트론바이오","KOSDAQ","40",,"-28.92","6.11",,"유형2"
"2022/06/28","2022/06/29","2022/06/29","084990","헬릭스미스","KOSDAQ","40",,"-14.84","6.56",,"유형2"
"2022/06/21","2022/06/22","2022/06/22","293490","카카오게임즈","KOSDAQ","40",,,"6.03","15.45","유형3"
"2022/06/17","2022/06/20","2022/06/20","196170","알테오젠","KOSDAQ","40",,,"5.90","11.79","유형3"
"2022/06/15","2022/06/16","2022/06/16","299900","위지윅스튜디오","KOSDAQ","40","28.61","-7.08","9.52",,"유형1"
"2022/06/14","2022/06/15","2022/06/15","222080","씨아이에스","KOSDAQ","40",,,"6.82","7.93","유형3"
"2022/06/13","2022/06/14","2022/06/14","225570","넥슨게임즈","KOSDAQ","40",,"-20.59","27.59",,"유형2"
"2022/06/13","2022/06/14","2022/06/14","025980","아난티","KOSDAQ","40",,,"5.12","6.20","유형3"
"2022/06/13","2022/06/14","2022/06/14","110790","크리스에프앤씨","KOSDAQ","40","19.75","-5.07","5.33",,"유형1"
"2022/06/10","2022/06/13","2022/06/13","215200","메가스터디교육","KOSDAQ","40",,,"8.43","6.14","유형3"
"2022/06/10","2022/06/13","2022/06/13","121800","비덴트","KOSDAQ","39","23.15","-5.02","51.23",,"유형1"
"2022/06/10","2022/06/13","2022/06/13","222080","씨아이에스","KOSDAQ","40",,,"8.93","8.03","유형3"
"2022/06/10","2022/06/13","2022/06/13","299900","위지윅스튜디오","KOSDAQ","40","51.40","-8.49","210.39",,"유형1"
"2022/06/10","2022/06/13","2022/06/13","189300","인텔리안테크","KOSDAQ","40","31.92","-7.29","54.28",,"유형1"
"2022/06/09","2022/06/10","2022/06/10","067630","HLB생명과학","KOSDAQ","40",,,"7.27","7.26","유형3"
"2022/06/09","2022/06/10","2022/06/10","038540","상상인","KOSDAQ","40",,"-10.46","7.43",,"유형2"
"2022/06/09","2022/06/10","2022/06/10","025980","아난티","KOSDAQ","40",,,"8.47","6.24","유형3"
"2022/06/08","2022/06/09","2022/06/09","015750","성우하이텍","KOSDAQ","40",,,"6.55","6.59","유형3"
"2022/05/31","2022/06/02","2022/06/02","195940","HK이노엔","KOSDAQ","40",,,"5.13","6.66","유형3"
"2022/05/27","2022/05/30","2022/05/30","195940","HK이노엔","KOSDAQ","40",,,"8.56","6.74","유형3"
"2022/05/26","2022/05/27","2022/05/27","069080","웹젠","KOSDAQ","40",,,"5.17","11.69","유형3"
"2022/05/26","2022/05/27","2022/05/27","022100","포스코 ICT","KOSDAQ","40",,,"15.18","9.57","유형3"
"2022/05/25","2022/05/26","2022/05/26","195940","HK이노엔","KOSDAQ","40",,,"7.35","6.74","유형3"
"2022/05/25","2022/05/26","2022/05/26","067630","HLB생명과학","KOSDAQ","40",,,"7.19","8.29","유형3"
"2022/05/25","2022/05/26","2022/05/26","084110","휴온스글로벌","KOSDAQ","40",,,"5.46","9.15","유형3"
"2022/05/24","2022/05/25","2022/05/25","235980","메드팩토","KOSDAQ","40",,,"5.05","11.46","유형3"
"2022/05/24","2022/05/25","2022/05/25","036930","주성엔지니어링","KOSDAQ","40",,"-10.09","6.55",,"유형2"
"2022/05/23","2022/05/24","2022/05/24","195940","HK이노엔","KOSDAQ","40",,,"21.78","6.94","유형3"
"2022/05/23","2022/05/24","2022/05/24","067630","HLB생명과학","KOSDAQ","40",,,"10.40","8.36","유형3"
"2022/05/19","2022/05/20","2022/05/20","290650","엘앤씨바이오","KOSDAQ","40",,,"8.74","5.59","유형3"
"2022/05/19","2022/05/20","2022/05/20","084110","휴온스글로벌","KOSDAQ","40",,,"6.40","7.97","유형3"
"2022/05/17","2022/05/18","2022/05/18","092190","서울바이오시스","KOSDAQ","40",,,"5.31","10.90","유형3"
"2022/05/17","2022/05/18","2022/05/18","015750","성우하이텍","KOSDAQ","40",,,"6.48","8.00","유형3"
"2022/05/17","2022/05/18","2022/05/18","041510","에스엠","KOSDAQ","40",,,"5.92","5.74","유형3"
"2022/05/17","2022/05/18","2022/05/18","104830","원익머트리얼즈","KOSDAQ","40",,,"8.20","5.08","유형3"
"2022/05/16","2022/05/17","2022/05/17","067630","HLB생명과학","KOSDAQ","40",,,"17.30","8.28","유형3"
"2022/05/16","2022/05/17","2022/05/17","084110","휴온스글로벌","KOSDAQ","40",,,"6.59","6.50","유형3"
"2022/05/13","2022/05/16","2022/05/16","028300","HLB","KOSDAQ","40",,,"5.48","15.57","유형3"
"2022/05/12","2022/05/13","2022/05/13","035760","CJ ENM","KOSDAQ","40",,"-12.29","7.82",,"유형2"
"2022/05/12","2022/05/13","2022/05/13","067630","HLB생명과학","KOSDAQ","40",,,"5.38","8.49","유형3"
"2022/05/11","2022/05/12","2022/05/12","078130","국일제지","KOSDAQ","40",,,"5.51","9.05","유형3"
"2022/05/04","2022/05/06","2022/05/06","218410","RFHIC","KOSDAQ","40",,,"7.39","10.55","유형3"
"2022/05/04","2022/05/06","2022/05/06","088800","에이스테크","KOSDAQ","40",,,"9.83","10.73","유형3"
"2022/05/04","2022/05/06","2022/05/06","138080","오이솔루션","KOSDAQ","40",,,"13.72","13.96","유형3"
"2022/05/04","2022/05/06","2022/05/06","032500","케이엠더블유","KOSDAQ","40",,,"6.65","10.98","유형3"
"2022/05/03","2022/05/04","2022/05/04","131290","티에스이","KOSDAQ","40",,,"5.71","7.06","유형3"
"2022/04/29","2022/05/02","2022/05/02","067160","아프리카TV","KOSDAQ","40",,"-11.43","5.66",,"유형2"
"2022/04/28","2022/04/29","2022/04/29","108320","LX세미콘","KOSDAQ","40",,,"5.36","7.90","유형3"
"2022/04/27","2022/04/28","2022/04/28","000250","삼천당제약","KOSDAQ","40",,,"5.47","5.62","유형3"
"2022/04/27","2022/04/28","2022/04/28","003380","하림지주","KOSDAQ","40",,,"8.31","6.26","유형3"
"2022/04/26","2022/04/27","2022/04/27","108320","LX세미콘","KOSDAQ","40",,,"7.20","7.64","유형3"
"2022/04/26","2022/04/27","2022/04/27","263750","펄어비스","KOSDAQ","40",,,"5.63","14.72","유형3"
"2022/04/25","2022/04/26","2022/04/26","027360","아주IB투자","KOSDAQ","40",,,"18.70","7.27","유형3"
"2022/04/21","2022/04/22","2022/04/22","035600","KG이니시스","KOSDAQ","40","22.74","-5.15","7.04",,"유형1"
"2022/04/19","2022/04/20","2022/04/20","030530","원익홀딩스","KOSDAQ","40",,,"11.47","10.54","유형3"
"2022/04/15","2022/04/18","2022/04/18","278280","천보","KOSDAQ","40",,,"5.58","8.92","유형3"
"2022/04/14","2022/04/15","2022/04/15","195940","HK이노엔","KOSDAQ","40",,,"8.62","5.18","유형3"
"2022/04/13","2022/04/14","2022/04/14","183300","코미코","KOSDAQ","40",,,"11.26","7.37","유형3"
"2022/04/12","2022/04/13","2022/04/13","293490","카카오게임즈","KOSDAQ","40",,,"5.62","8.08","유형3"
"2022/04/11","2022/04/12","2022/04/12","290510","코리아센터","KOSDAQ","40",,,"5.92","9.63","유형3"
"2022/04/07","2022/04/08","2022/04/08","035600","KG이니시스","KOSDAQ","40",,,"31.74","6.23","유형3"
"2022/04/07","2022/04/08","2022/04/08","053030","바이넥스","KOSDAQ","40",,,"8.38","6.95","유형3"
"2022/04/07","2022/04/08","2022/04/08","247540","에코프로비엠","KOSDAQ","40",,,"5.66","11.69","유형3"
"2022/04/06","2022/04/07","2022/04/07","060720","KH바텍","KOSDAQ","40",,,"5.33","7.95","유형3"
"2022/04/04","2022/04/05","2022/04/05","045390","대아티아이","KOSDAQ","40",,,"5.23","6.12","유형3"
"2022/04/04","2022/04/05","2022/04/05","290510","코리아센터","KOSDAQ","40",,,"9.60","9.80","유형3"
"2022/04/04","2022/04/05","2022/04/05","108230","톱텍","KOSDAQ","40",,,"13.14","12.05","유형3"
"2022/04/01","2022/04/04","2022/04/04","131290","티에스이","KOSDAQ","40",,,"6.24","9.79","유형3"
"2022/04/01","2022/04/04","2022/04/04","145020","휴젤","KOSDAQ","40",,"-13.23","5.09",,"유형2"
"2022/03/30","2022/03/31","2022/03/31","032190","다우데이타","KOSDAQ","40",,,"5.87","10.46","유형3"
"2022/03/30","2022/03/31","2022/03/31","230360","에코마케팅","KOSDAQ","40",,,"5.58","7.56","유형3"
"2022/03/29","2022/03/30","2022/03/30","038500","삼표시멘트","KOSDAQ","40",,,"9.86","5.87","유형3"
"2022/03/29","2022/03/30","2022/03/30","204270","제이앤티씨","KOSDAQ","40",,,"5.22","11.23","유형3"
"2022/03/29","2022/03/30","2022/03/30","214370","케어젠","KOSDAQ","34",,,"7.71","13.91","유형3"
"2022/03/28","2022/03/29","2022/03/29","061970","엘비세미콘","KOSDAQ","40",,,"7.19","8.60","유형3"
"2022/03/25","2022/03/28","2022/03/28","035600","KG이니시스","KOSDAQ","40",,,"8.73","7.71","유형3"
"2022/03/25","2022/03/28","2022/03/28","045390","대아티아이","KOSDAQ","40",,,"5.81","5.97","유형3"
"2022/03/25","2022/03/28","2022/03/28","256840","한국비엔씨","KOSDAQ","40","23.69","-6.02","11.27",,"유형1"
"2022/03/24","2022/03/25","2022/03/25","214370","케어젠","KOSDAQ","32",,,"5.08","14.23","유형3"
"2022/03/21","2022/03/22","2022/03/22","006730","서부T&D","KOSDAQ","40",,,"19.33","9.06","유형3"
"2022/03/18","2022/03/21","2022/03/21","137400","피엔티","KOSDAQ","40",,,"6.65","7.33","유형3"
"2022/03/16","2022/03/17","2022/03/17","214370","케어젠","KOSDAQ","27",,"-14.77","10.88",,"유형2"
"2022/03/15","2022/03/16","2022/03/16","323990","박셀바이오","KOSDAQ","40",,,"5.29","6.25","유형3"
"2022/03/10","2022/03/11","2022/03/11","025980","아난티","KOSDAQ","40",,"-10.76","8.85",,"유형2"
"2022/03/08","2022/03/10","2022/03/10","323990","박셀바이오","KOSDAQ","40",,,"5.60","6.33","유형3"
"2022/03/04","2022/03/07","2022/03/07","323990","박셀바이오","KOSDAQ","40",,,"12.20","6.90","유형3"
"2022/03/03","2022/03/04","2022/03/04","256840","한국비엔씨","KOSDAQ","40","21.94","-5.88","12.42",,"유형1"
"2022/03/02","2022/03/03","2022/03/03","104830","원익머트리얼즈","KOSDAQ","40",,,"5.72","6.51","유형3"
"2022/02/25","2022/02/28","2022/02/28","100090","삼강엠앤티","KOSDAQ","40",,,"7.04","5.83","유형3"
"2022/02/25","2022/02/28","2022/02/28","104830","원익머트리얼즈","KOSDAQ","40",,,"7.47","6.38","유형3"
"2022/02/25","2022/02/28","2022/02/28","018000","유니슨","KOSDAQ","40",,,"13.37","10.33","유형3"
"2022/02/25","2022/02/28","2022/02/28","003380","하림지주","KOSDAQ","40",,,"5.45","9.83","유형3"
"2022/02/23","2022/02/24","2022/02/24","213420","덕산네오룩스","KOSDAQ","40","18.26","-5.10","6.13",,"유형1"
"2022/02/23","2022/02/24","2022/02/24","323990","박셀바이오","KOSDAQ","40",,,"5.57","7.12","유형3"
"2022/02/23","2022/02/24","2022/02/24","003380","하림지주","KOSDAQ","40",,,"8.11","9.02","유형3"
"2022/02/22","2022/02/23","2022/02/23","033640","네패스","KOSDAQ","40",,,"6.11","9.53","유형3"
"2022/02/17","2022/02/18","2022/02/18","183490","엔지켐생명과학","KOSDAQ","40",,"-15.62","50.61",,"유형2"
"2022/02/17","2022/02/18","2022/02/18","200130","콜마비앤에이치","KOSDAQ","40",,,"8.46","9.76","유형3"
"2022/02/16","2022/02/17","2022/02/17","038540","상상인","KOSDAQ","40",,,"6.40","8.12","유형3"
"2022/02/16","2022/02/17","2022/02/17","027360","아주IB투자","KOSDAQ","40",,,"9.66","6.24","유형3"
"2022/02/16","2022/02/17","2022/02/17","230360","에코마케팅","KOSDAQ","40",,,"9.88","7.63","유형3"
"2022/02/16","2022/02/17","2022/02/17","003380","하림지주","KOSDAQ","40",,,"13.47","7.22","유형3"
"2022/02/10","2022/02/11","2022/02/11","035760","CJ ENM","KOSDAQ","40",,,"8.64","8.85","유형3"
"2022/02/10","2022/02/11","2022/02/11","067160","아프리카TV","KOSDAQ","40",,,"6.07","7.08","유형3"
"2022/02/09","2022/02/10","2022/02/10","035600","KG이니시스","KOSDAQ","40",,,"7.03","6.39","유형3"
"2022/02/09","2022/02/10","2022/02/10","092190","서울바이오시스","KOSDAQ","40",,,"5.05","5.01","유형3"
"2022/02/08","2022/02/09","2022/02/09","035760","CJ ENM","KOSDAQ","40",,,"6.45","7.97","유형3"
"2022/02/07","2022/02/08","2022/02/08","080160","모두투어","KOSDAQ","40",,,"5.21","7.81","유형3"
"2022/02/07","2022/02/08","2022/02/08","027360","아주IB투자","KOSDAQ","40",,,"18.69","6.26","유형3"
"2022/02/07","2022/02/08","2022/02/08","003380","하림지주","KOSDAQ","40",,,"6.10","5.14","유형3"
"2022/01/24","2022/01/25","2022/01/25","053030","바이넥스","KOSDAQ","40",,,"6.53","6.23","유형3"
"2022/01/18","2022/01/19","2022/01/19","046890","서울반도체","KOSDAQ","40",,,"5.70","5.98","유형3"
"2022/01/18","2022/01/19","2022/01/19","298380","에이비엘바이오","KOSDAQ","40",,,"8.75","5.39","유형3"
"2022/01/17","2022/01/18","2022/01/18","082270","젬백스","KOSDAQ","40",,,"9.89","9.46","유형3"
"2022/01/14","2022/01/17","2022/01/17","290510","코리아센터","KOSDAQ","40",,,"16.49","6.55","유형3"
"2022/01/13","2022/01/14","2022/01/14","235980","메드팩토","KOSDAQ","40",,"-27.54","6.13",,"유형2"
"2022/01/13","2022/01/14","2022/01/14","298380","에이비엘바이오","KOSDAQ","40",,,"17.90","5.36","유형3"
"2022/01/11","2022/01/12","2022/01/12","046890","서울반도체","KOSDAQ","40",,,"6.71","6.04","유형3"
"2022/01/11","2022/01/12","2022/01/12","052400","코나아이","KOSDAQ","40",,,"5.04","5.35","유형3"
"2022/01/11","2022/01/12","2022/01/12","145020","휴젤","KOSDAQ","40",,,"7.09","5.42","유형3"
"2022/01/07","2022/01/10","2022/01/10","053800","안랩","KOSDAQ","40",,,"7.83","6.05","유형3"
"2022/01/04","2022/01/05","2022/01/05","053800","안랩","KOSDAQ","40",,,"21.32","5.86","유형3"
"2021/12/30","2022/01/03","2022/01/03","053800","안랩","KOSDAQ","40",,,"24.36","5.97","유형3"
"2021/12/29","2021/12/30","2021/12/30","035080","인터파크","KOSDAQ","40",,,"6.18","5.09","유형3"
"2021/12/29","2021/12/30","2021/12/30","243070","휴온스","KOSDAQ","40","15.79","-6.27","7.63",,"유형1"
"2021/12/28","2021/12/29","2021/12/29","089980","상아프론테크","KOSDAQ","40",,"-12.86","8.43",,"유형2"
"2021/12/23","2021/12/24","2021/12/24","030530","원익홀딩스","KOSDAQ","40",,,"6.82","8.28","유형3"
"2021/12/23","2021/12/24","2021/12/24","035080","인터파크","KOSDAQ","40","16.44","-7.16","10.87",,"유형1"
"2021/12/17","2021/12/20","2021/12/20","078130","국일제지","KOSDAQ","40",,,"9.80","5.86","유형3"
"2021/12/16","2021/12/17","2021/12/17","060250","NHN한국사이버결제","KOSDAQ","40",,,"5.97","10.17","유형3"
"2021/12/14","2021/12/15","2021/12/15","235980","메드팩토","KOSDAQ","40",,,"11.64","5.92","유형3"
"2021/12/14","2021/12/15","2021/12/15","084110","휴온스글로벌","KOSDAQ","40",,,"5.71","6.73","유형3"
"2021/12/10","2021/12/13","2021/12/13","151910","나노스","KOSDAQ","40","22.47","-6.14","61.01",,"유형1"
"2021/12/10","2021/12/13","2021/12/13","084110","휴온스글로벌","KOSDAQ","40",,,"35.11","6.06","유형3"
"2021/12/07","2021/12/08","2021/12/08","048410","현대바이오","KOSDAQ","40",,"-15.04","5.05",,"유형2"
"2021/12/02","2021/12/03","2021/12/03","240810","원익IPS","KOSDAQ","40",,,"6.15","10.71","유형3"
"2021/12/01","2021/12/02","2021/12/02","131370","알서포트","KOSDAQ","40",,,"5.50","6.12","유형3"
"2021/11/30","2021/12/01","2021/12/01","096530","씨젠","KOSDAQ","40",,,"5.48","11.27","유형3"
"2021/11/30","2021/12/01","2021/12/01","041960","코미팜","KOSDAQ","40",,"-10.71","6.66",,"유형2"
"2021/11/30","2021/12/01","2021/12/01","064760","티씨케이","KOSDAQ","40",,,"5.73","9.59","유형3"
"2021/11/29","2021/11/30","2021/11/30","092190","서울바이오시스","KOSDAQ","40",,,"9.32","7.15","유형3"
"2021/11/26","2021/11/29","2021/11/29","096530","씨젠","KOSDAQ","40",,,"8.61","11.53","유형3"
"2021/11/26","2021/11/29","2021/11/29","041960","코미팜","KOSDAQ","40",,,"9.48","9.49","유형3"
"2021/11/25","2021/11/26","2021/11/26","263050","유틸렉스","KOSDAQ","40","34.27","-5.98","5.48",,"유형1"
"2021/11/24","2021/11/25","2021/11/25","218410","RFHIC","KOSDAQ","40",,,"5.37","6.23","유형3"
"2021/11/24","2021/11/25","2021/11/25","178320","서진시스템","KOSDAQ","40",,,"5.35","5.85","유형3"
"2021/11/24","2021/11/25","2021/11/25","088800","에이스테크","KOSDAQ","40",,,"6.61","6.25","유형3"
"2021/11/22","2021/11/23","2021/11/23","240810","원익IPS","KOSDAQ","40",,,"7.52","10.42","유형3"
"2021/11/22","2021/11/23","2021/11/23","095610","테스","KOSDAQ","40",,,"5.58","6.16","유형3"
"2021/11/19","2021/11/22","2021/11/22","036540","SFA반도체","KOSDAQ","40",,,"5.19","5.94","유형3"
"2021/11/18","2021/11/19","2021/11/19","263050","유틸렉스","KOSDAQ","40",,,"5.39","8.62","유형3"
"2021/11/17","2021/11/18","2021/11/18","030190","NICE평가정보","KOSDAQ","40","18.53","-6.09","7.23",,"유형1"
"2021/11/17","2021/11/18","2021/11/18","141080","레고켐바이오","KOSDAQ","40",,,"10.08","10.18","유형3"
"2021/11/16","2021/11/17","2021/11/17","192440","슈피겐코리아","KOSDAQ","40",,,"5.37","13.15","유형3"
"2021/11/15","2021/11/16","2021/11/16","068760","셀트리온제약","KOSDAQ","40",,,"6.59","9.62","유형3"
"2021/11/15","2021/11/16","2021/11/16","138080","오이솔루션","KOSDAQ","40",,,"6.38","9.98","유형3"
"2021/11/15","2021/11/16","2021/11/16","030530","원익홀딩스","KOSDAQ","40",,,"7.20","8.58","유형3"
"2021/11/15","2021/11/16","2021/11/16","023410","유진기업","KOSDAQ","40",,,"5.41","7.35","유형3"
"2021/11/12","2021/11/15","2021/11/15","069080","웹젠","KOSDAQ","40",,,"5.74","7.38","유형3"
"2021/11/12","2021/11/15","2021/11/15","083790","크리스탈지노믹스","KOSDAQ","40",,,"6.37","9.75","유형3"
"2021/11/11","2021/11/12","2021/11/12","078340","컴투스","KOSDAQ","40",,,"12.99","6.13","유형3"
"2021/11/11","2021/11/12","2021/11/12","145020","휴젤","KOSDAQ","40",,"-10.90","5.41",,"유형2"
"2021/11/10","2021/11/11","2021/11/11","192440","슈피겐코리아","KOSDAQ","40",,,"5.75","11.37","유형3"
"2021/11/10","2021/11/11","2021/11/11","092040","아미코젠","KOSDAQ","40",,"-11.49","7.36",,"유형2"
"2021/11/10","2021/11/11","2021/11/11","214450","파마리서치","KOSDAQ","40",,,"6.92","5.57","유형3"
"2021/11/09","2021/11/10","2021/11/10","078340","컴투스","KOSDAQ","40",,,"7.74","6.18","유형3"
"2021/11/08","2021/11/09","2021/11/09","206650","유바이오로직스","KOSDAQ","40",,"-10.99","7.48",,"유형2"
"2021/11/05","2021/11/08","2021/11/08","036540","SFA반도체","KOSDAQ","40",,,"5.10","5.60","유형3"
"2021/11/05","2021/11/08","2021/11/08","175250","아이큐어","KOSDAQ","40",,,"7.16","6.16","유형3"
"2021/11/02","2021/11/03","2021/11/03","036540","SFA반도체","KOSDAQ","40",,,"10.71","5.78","유형3"
"2021/11/01","2021/11/02","2021/11/02","053800","안랩","KOSDAQ","40",,"-13.05","5.40",,"유형2"
"2021/11/01","2021/11/02","2021/11/02","048260","오스템임플란트","KOSDAQ","40","30.64","-5.83","7.49",,"유형1"
"2021/10/29","2021/11/01","2021/11/01","091990","셀트리온헬스케어","KOSDAQ","40","23.07","-7.33","5.01",,"유형1"
"2021/10/29","2021/11/01","2021/11/01","027360","아주IB투자","KOSDAQ","40",,,"11.81","6.28","유형3"
"2021/10/28","2021/10/29","2021/10/29","038500","삼표시멘트","KOSDAQ","40",,,"10.03","5.09","유형3"
"2021/10/28","2021/10/29","2021/10/29","206650","유바이오로직스","KOSDAQ","40","23.38","-6.39","219.36",,"유형1"
"2021/10/28","2021/10/29","2021/10/29","023410","유진기업","KOSDAQ","40",,,"7.05","7.89","유형3"
"2021/10/26","2021/10/27","2021/10/27","267980","매일유업","KOSDAQ","40",,,"6.03","12.51","유형3"
"2021/10/26","2021/10/27","2021/10/27","263750","펄어비스","KOSDAQ","40",,,"5.64","8.80","유형3"
"2021/10/22","2021/10/25","2021/10/25","078340","컴투스","KOSDAQ","40",,,"5.70","6.55","유형3"
"2021/10/20","2021/10/21","2021/10/21","078340","컴투스","KOSDAQ","40",,,"7.76","6.50","유형3"
"2021/10/19","2021/10/20","2021/10/20","100130","동국S&C","KOSDAQ","40",,,"7.03","7.01","유형3"
"2021/10/18","2021/10/19","2021/10/19","078340","컴투스","KOSDAQ","40",,,"13.39","6.48","유형3"
"2021/10/12","2021/10/13","2021/10/13","068240","다원시스","KOSDAQ","40",,,"5.01","11.29","유형3"
"2021/10/12","2021/10/13","2021/10/13","194480","데브시스터즈","KOSDAQ","40",,"-16.75","6.22",,"유형2"
"2021/10/08","2021/10/12","2021/10/12","086520","에코프로","KOSDAQ","40",,,"7.46","5.07","유형3"
"2021/10/06","2021/10/07","2021/10/07","005290","동진쎄미켐","KOSDAQ","40","13.28","-5.89","6.56",,"유형1"
"2021/10/06","2021/10/07","2021/10/07","115450","지트리비앤티","KOSDAQ","40",,"-12.35","9.40",,"유형2"
"2021/10/05","2021/10/06","2021/10/06","253450","스튜디오드래곤","KOSDAQ","40",,,"8.23","10.31","유형3"
"2021/10/01","2021/10/05","2021/10/05","005290","동진쎄미켐","KOSDAQ","40",,,"21.30","6.38","유형3"
"2021/09/30","2021/10/01","2021/10/01","078130","국일제지","KOSDAQ","40","19.02","-5.10","7.57",,"유형1"
"2021/09/30","2021/10/01","2021/10/01","045390","대아티아이","KOSDAQ","40",,,"7.28","6.14","유형3"
"2021/09/30","2021/10/01","2021/10/01","100130","동국S&C","KOSDAQ","40",,,"7.42","6.95","유형3"
"2021/09/30","2021/10/01","2021/10/01","253450","스튜디오드래곤","KOSDAQ","40",,,"6.59","9.78","유형3"
"2021/09/28","2021/09/29","2021/09/29","078130","국일제지","KOSDAQ","40",,,"5.86","5.42","유형3"
"2021/09/28","2021/09/29","2021/09/29","253450","스튜디오드래곤","KOSDAQ","40",,,"5.54","9.55","유형3"
"2021/09/16","2021/09/17","2021/09/17","053800","안랩","KOSDAQ","40",,,"6.59","6.85","유형3"
"2021/09/15","2021/09/16","2021/09/16","182400","엔케이맥스","KOSDAQ","40",,"-20.93","5.15",,"유형2"
"2021/09/15","2021/09/16","2021/09/16","048530","인트론바이오","KOSDAQ","40",,,"11.24","8.44","유형3"
"2021/09/14","2021/09/15","2021/09/15","194480","데브시스터즈","KOSDAQ","40",,,"5.72","7.32","유형3"
"2021/09/14","2021/09/15","2021/09/15","183490","엔지켐생명과학","KOSDAQ","40",,,"5.62","9.18","유형3"
"2021/09/14","2021/09/15","2021/09/15","069080","웹젠","KOSDAQ","40",,,"9.47","7.38","유형3"
"2021/09/14","2021/09/15","2021/09/15","115450","지트리비앤티","KOSDAQ","40",,,"18.46","5.79","유형3"
"2021/09/13","2021/09/14","2021/09/14","060720","KH바텍","KOSDAQ","40",,"-10.05","6.52",,"유형2"
"2021/09/10","2021/09/13","2021/09/13","182400","엔케이맥스","KOSDAQ","40",,,"19.57","7.05","유형3"
"2021/09/10","2021/09/13","2021/09/13","069080","웹젠","KOSDAQ","40",,,"8.24","7.34","유형3"
"2021/09/08","2021/09/09","2021/09/09","108320","LX세미콘","KOSDAQ","40",,,"5.20","9.29","유형3"
"2021/09/08","2021/09/09","2021/09/09","086900","메디톡스","KOSDAQ","40",,"-12.72","5.28",,"유형2"
"2021/09/08","2021/09/09","2021/09/09","015750","성우하이텍","KOSDAQ","40",,,"5.51","5.62","유형3"
"2021/09/08","2021/09/09","2021/09/09","182400","엔케이맥스","KOSDAQ","40",,,"7.53","7.09","유형3"
"2021/09/03","2021/09/06","2021/09/06","035600","KG이니시스","KOSDAQ","40",,,"5.39","5.42","유형3"
"2021/09/03","2021/09/06","2021/09/06","006730","서부T&D","KOSDAQ","40",,,"5.32","9.23","유형3"
"2021/09/03","2021/09/06","2021/09/06","064760","티씨케이","KOSDAQ","40",,"-14.76","5.95",,"유형2"
"2021/09/02","2021/09/03","2021/09/03","182400","엔케이맥스","KOSDAQ","40",,,"7.00","7.16","유형3"
"2021/08/31","2021/09/01","2021/09/01","028300","에이치엘비","KOSDAQ","40",,,"5.73","5.91","유형3"
"2021/08/31","2021/09/01","2021/09/01","182400","엔케이맥스","KOSDAQ","40",,,"14.52","7.15","유형3"
"2021/08/30","2021/08/31","2021/08/31","183490","엔지켐생명과학","KOSDAQ","40",,"-13.12","6.07",,"유형2"
"2021/08/30","2021/08/31","2021/08/31","108230","톱텍","KOSDAQ","40",,,"5.28","12.30","유형3"
"2021/08/30","2021/08/31","2021/08/31","263750","펄어비스","KOSDAQ","40",,,"5.17","7.91","유형3"
"2021/08/27","2021/08/30","2021/08/30","112040","위메이드","KOSDAQ","40",,"-10.70","5.69",,"유형2"
"2021/08/26","2021/08/27","2021/08/27","078130","국일제지","KOSDAQ","40",,,"6.65","5.23","유형3"
"2021/08/26","2021/08/27","2021/08/27","263750","펄어비스","KOSDAQ","40",,,"10.10","8.01","유형3"
"2021/08/25","2021/08/26","2021/08/26","240810","원익IPS","KOSDAQ","40",,,"11.57","8.37","유형3"
"2021/08/25","2021/08/26","2021/08/26","145020","휴젤","KOSDAQ","40",,,"5.45","6.40","유형3"
"2021/08/24","2021/08/25","2021/08/25","140410","메지온","KOSDAQ","40",,,"6.22","11.22","유형3"
"2021/08/24","2021/08/25","2021/08/25","039200","오스코텍","KOSDAQ","40",,,"5.22","11.41","유형3"
"2021/08/19","2021/08/20","2021/08/20","030190","NICE평가정보","KOSDAQ","40",,,"6.30","12.57","유형3"
"2021/08/19","2021/08/20","2021/08/20","091700","파트론","KOSDAQ","40",,,"6.04","5.48","유형3"
"2021/08/19","2021/08/20","2021/08/20","263750","펄어비스","KOSDAQ","40",,,"6.09","7.68","유형3"
"2021/08/19","2021/08/20","2021/08/20","003380","하림지주","KOSDAQ","40",,,"20.60","8.54","유형3"
"2021/08/18","2021/08/19","2021/08/19","056190","에스에프에이","KOSDAQ","40",,,"5.40","7.80","유형3"
"2021/08/18","2021/08/19","2021/08/19","028300","에이치엘비","KOSDAQ","40",,,"6.24","7.55","유형3"
"2021/08/18","2021/08/19","2021/08/19","140860","파크시스템스","KOSDAQ","40",,,"6.25","11.11","유형3"
"2021/08/17","2021/08/18","2021/08/18","053800","안랩","KOSDAQ","40",,,"5.55","5.20","유형3"
"2021/08/13","2021/08/17","2021/08/17","290650","엘앤씨바이오","KOSDAQ","40",,,"5.44","5.73","유형3"
"2021/08/13","2021/08/17","2021/08/17","091700","파트론","KOSDAQ","40",,,"5.28","5.49","유형3"
"2021/08/12","2021/08/13","2021/08/13","183490","엔지켐생명과학","KOSDAQ","40",,,"5.13","8.64","유형3"
"2021/08/12","2021/08/13","2021/08/13","240810","원익IPS","KOSDAQ","40",,,"5.85","8.41","유형3"
"2021/08/12","2021/08/13","2021/08/13","084370","유진테크","KOSDAQ","40",,,"5.02","5.63","유형3"
"2021/08/12","2021/08/13","2021/08/13","034230","파라다이스","KOSDAQ","40",,,"5.19","5.73","유형3"
"2021/08/12","2021/08/13","2021/08/13","145020","휴젤","KOSDAQ","40",,,"5.87","5.59","유형3"
"2021/08/11","2021/08/12","2021/08/12","036930","주성엔지니어링","KOSDAQ","40","15.14","-6.18","6.30",,"유형1"
"2021/08/11","2021/08/12","2021/08/12","319660","피에스케이","KOSDAQ","40",,"-11.69","10.47",,"유형2"
"2021/08/10","2021/08/11","2021/08/11","119860","다나와","KOSDAQ","40",,,"14.54","5.11","유형3"
"2021/08/10","2021/08/11","2021/08/11","042000","카페24","KOSDAQ","40",,"-13.68","36.43",,"유형2"
"2021/08/10","2021/08/11","2021/08/11","033290","코웰패션","KOSDAQ","40",,,"5.22","6.45","유형3"
"2021/08/10","2021/08/11","2021/08/11","083790","크리스탈지노믹스","KOSDAQ","40",,,"5.36","5.12","유형3"
"2021/08/09","2021/08/10","2021/08/10","215200","메가스터디교육","KOSDAQ","40",,,"6.24","6.45","유형3"
"2021/08/09","2021/08/10","2021/08/10","086520","에코프로","KOSDAQ","40",,,"5.68","7.92","유형3"
"2021/08/06","2021/08/09","2021/08/09","042000","카페24","KOSDAQ","40",,,"9.02","6.60","유형3"
"2021/08/04","2021/08/05","2021/08/05","119860","다나와","KOSDAQ","40",,,"9.05","5.25","유형3"
"2021/08/04","2021/08/05","2021/08/05","092190","서울바이오시스","KOSDAQ","40",,,"5.36","5.56","유형3"
"2021/08/03","2021/08/04","2021/08/04","112040","위메이드","KOSDAQ","40",,"-10.05","7.14",,"유형2"
"2021/08/03","2021/08/04","2021/08/04","263750","펄어비스","KOSDAQ","40",,,"7.47","6.24","유형3"
"2021/08/02","2021/08/03","2021/08/03","098460","고영","KOSDAQ","40",,,"5.78","8.04","유형3"
"2021/08/02","2021/08/03","2021/08/03","000250","삼천당제약","KOSDAQ","40",,,"6.89","6.56","유형3"
"2021/07/30","2021/08/02","2021/08/02","086520","에코프로","KOSDAQ","40",,,"8.19","7.08","유형3"
"2021/07/28","2021/07/29","2021/07/29","006730","서부T&D","KOSDAQ","40",,,"7.98","6.42","유형3"
"2021/07/27","2021/07/28","2021/07/28","067160","아프리카TV","KOSDAQ","40",,,"5.09","7.02","유형3"
"2021/07/26","2021/07/27","2021/07/27","036830","솔브레인홀딩스","KOSDAQ","40",,,"7.82","8.96","유형3"
"2021/07/26","2021/07/27","2021/07/27","039030","이오테크닉스","KOSDAQ","40",,,"5.74","7.17","유형3"
"2021/07/23","2021/07/26","2021/07/26","007390","네이처셀","KOSDAQ","40",,"-19.41","6.08",,"유형2"
"2021/07/22","2021/07/23","2021/07/23","036830","솔브레인홀딩스","KOSDAQ","40",,,"5.26","8.94","유형3"
"2021/07/22","2021/07/23","2021/07/23","200230","텔콘RF제약","KOSDAQ","40",,,"6.57","8.87","유형3"
"2021/07/21","2021/07/22","2021/07/22","036490","SK머티리얼즈","KOSDAQ","40",,,"6.05","10.78","유형3"
"2021/07/21","2021/07/22","2021/07/22","086900","메디톡스","KOSDAQ","40",,,"5.53","7.80","유형3"
"2021/07/21","2021/07/22","2021/07/22","033290","코웰패션","KOSDAQ","40",,,"6.53","6.66","유형3"
"2021/07/21","2021/07/22","2021/07/22","263750","펄어비스","KOSDAQ","40",,,"5.54","6.28","유형3"
"2021/07/20","2021/07/21","2021/07/21","036930","주성엔지니어링","KOSDAQ","40",,,"6.21","5.93","유형3"
"2021/07/19","2021/07/20","2021/07/20","067630","에이치엘비생명과학","KOSDAQ","40",,,"6.35","5.85","유형3"
"2021/07/19","2021/07/20","2021/07/20","078070","유비쿼스홀딩스","KOSDAQ","40",,,"45.83","7.39","유형3"
"2021/07/16","2021/07/19","2021/07/19","086520","에코프로","KOSDAQ","34",,,"6.29","7.00","유형3"
"2021/07/15","2021/07/16","2021/07/16","092190","서울바이오시스","KOSDAQ","40",,,"8.11","6.98","유형3"
"2021/07/15","2021/07/16","2021/07/16","028300","에이치엘비","KOSDAQ","40",,,"5.83","9.90","유형3"
"2021/07/15","2021/07/16","2021/07/16","247540","에코프로비엠","KOSDAQ","40",,,"10.65","5.15","유형3"
"2021/07/15","2021/07/16","2021/07/16","033290","코웰패션","KOSDAQ","40",,,"24.14","7.09","유형3"
"2021/07/13","2021/07/14","2021/07/14","086520","에코프로","KOSDAQ","32",,,"6.20","6.88","유형3"
"2021/07/13","2021/07/14","2021/07/14","247540","에코프로비엠","KOSDAQ","40",,,"5.14","5.07","유형3"
"2021/07/12","2021/07/13","2021/07/13","033290","코웰패션","KOSDAQ","40",,,"5.17","7.18","유형3"
"2021/07/09","2021/07/12","2021/07/12","036810","에프에스티","KOSDAQ","40",,,"5.04","8.22","유형3"
"2021/07/08","2021/07/09","2021/07/09","218410","RFHIC","KOSDAQ","40",,,"6.89","5.76","유형3"
"2021/07/07","2021/07/08","2021/07/08","243070","휴온스","KOSDAQ","40",,,"5.27","7.42","유형3"
"2021/07/06","2021/07/07","2021/07/07","218410","RFHIC","KOSDAQ","40",,,"5.84","5.11","유형3"
"2021/07/06","2021/07/07","2021/07/07","085660","차바이오텍","KOSDAQ","40",,,"5.37","5.79","유형3"
"2021/07/02","2021/07/05","2021/07/05","293490","카카오게임즈","KOSDAQ","40",,,"10.56","8.44","유형3"
"2021/07/01","2021/07/02","2021/07/02","263750","펄어비스","KOSDAQ","40",,,"6.51","10.00","유형3"
"2021/06/30","2021/07/01","2021/07/01","085660","차바이오텍","KOSDAQ","40",,,"5.92","5.90","유형3"
"2021/06/29","2021/06/30","2021/06/30","080160","모두투어","KOSDAQ","36",,,"5.31","12.73","유형3"
"2021/06/29","2021/06/30","2021/06/30","263750","펄어비스","KOSDAQ","40",,,"11.93","10.22","유형3"
"2021/06/28","2021/06/29","2021/06/29","067160","아프리카TV","KOSDAQ","40",,,"6.71","6.36","유형3"
"2021/06/28","2021/06/29","2021/06/29","085660","차바이오텍","KOSDAQ","40",,,"6.74","5.90","유형3"
"2021/06/24","2021/06/25","2021/06/25","265520","AP시스템","KOSDAQ","40",,,"5.71","5.89","유형3"
"2021/06/23","2021/06/24","2021/06/24","100090","삼강엠앤티","KOSDAQ","40",,,"6.28","5.99","유형3"
"2021/06/23","2021/06/24","2021/06/24","067160","아프리카TV","KOSDAQ","40",,,"7.36","6.16","유형3"
"2021/06/22","2021/06/23","2021/06/23","085660","차바이오텍","KOSDAQ","40",,,"6.17","5.96","유형3"
"2021/06/21","2021/06/22","2021/06/22","100090","삼강엠앤티","KOSDAQ","40",,,"6.61","5.60","유형3"
"2021/06/18","2021/06/21","2021/06/21","015750","성우하이텍","KOSDAQ","40",,,"5.13","5.19","유형3"
"2021/06/17","2021/06/18","2021/06/18","100090","삼강엠앤티","KOSDAQ","40",,,"11.91","5.01","유형3"
"2021/06/17","2021/06/18","2021/06/18","038500","삼표시멘트","KOSDAQ","40",,,"7.16","6.77","유형3"
"2021/06/17","2021/06/18","2021/06/18","060150","인선이엔티","KOSDAQ","40",,,"5.01","5.90","유형3"
"2021/06/17","2021/06/18","2021/06/18","145020","휴젤","KOSDAQ","40",,,"15.72","5.68","유형3"
"2021/06/15","2021/06/16","2021/06/16","038500","삼표시멘트","KOSDAQ","40",,,"5.22","7.00","유형3"
"2021/06/14","2021/06/15","2021/06/15","058820","CMG제약","KOSDAQ","40",,,"6.11","6.69","유형3"
"2021/06/14","2021/06/15","2021/06/15","085660","차바이오텍","KOSDAQ","40",,,"6.89","6.57","유형3"
"2021/06/11","2021/06/14","2021/06/14","032190","다우데이타","KOSDAQ","40",,,"6.76","6.47","유형3"
"2021/06/11","2021/06/14","2021/06/14","194480","데브시스터즈","KOSDAQ","40","37.61","-5.87","234,769.04",,"유형1"
"2021/06/10","2021/06/11","2021/06/11","058820","CMG제약","KOSDAQ","40",,,"6.44","6.77","유형3"
"2021/06/10","2021/06/11","2021/06/11","023410","유진기업","KOSDAQ","40",,,"6.11","5.87","유형3"
"2021/06/09","2021/06/10","2021/06/10","222080","씨아이에스","KOSDAQ","40",,,"7.12","5.81","유형3"
"2021/06/09","2021/06/10","2021/06/10","067160","아프리카TV","KOSDAQ","40",,,"5.76","5.10","유형3"
"2021/06/09","2021/06/10","2021/06/10","003380","하림지주","KOSDAQ","40",,,"25.97","5.40","유형3"
"2021/06/08","2021/06/09","2021/06/09","065660","안트로젠","KOSDAQ","40",,,"5.23","10.73","유형3"
"2021/06/04","2021/06/07","2021/06/07","088800","에이스테크","KOSDAQ","40",,,"5.03","9.48","유형3"
"2021/06/03","2021/06/04","2021/06/04","067160","아프리카TV","KOSDAQ","40",,,"5.92","5.23","유형3"
"2021/06/01","2021/06/02","2021/06/02","267980","매일유업","KOSDAQ","40",,,"6.01","6.92","유형3"
"2021/06/01","2021/06/02","2021/06/02","034950","한국기업평가","KOSDAQ","40",,,"5.26","7.54","유형3"
"2021/05/28","2021/05/31","2021/05/31","183490","엔지켐생명과학","KOSDAQ","40",,,"7.65","7.73","유형3"
"2021/05/28","2021/05/31","2021/05/31","036930","주성엔지니어링","KOSDAQ","40",,,"6.71","7.01","유형3"
"2021/05/27","2021/05/28","2021/05/28","041510","에스엠","KOSDAQ","40",,,"8.90","7.76","유형3"
"2021/05/26","2021/05/27","2021/05/27","215000","골프존","KOSDAQ","40",,,"7.55","5.07","유형3"
"2021/05/25","2021/05/26","2021/05/26","065660","안트로젠","KOSDAQ","40",,,"8.60","7.51","유형3"
"2021/05/25","2021/05/26","2021/05/26","196170","알테오젠","KOSDAQ","40",,,"5.93","7.80","유형3"
"2021/05/25","2021/05/26","2021/05/26","041510","에스엠","KOSDAQ","40",,,"6.85","7.71","유형3"
"2021/05/25","2021/05/26","2021/05/26","022100","포스코 ICT","KOSDAQ","40",,,"5.18","5.99","유형3"
"2021/05/24","2021/05/25","2021/05/25","215000","골프존","KOSDAQ","40",,,"5.06","5.06","유형3"
"2021/05/24","2021/05/25","2021/05/25","032190","다우데이타","KOSDAQ","40",,,"5.22","8.27","유형3"
"2021/05/24","2021/05/25","2021/05/25","092040","아미코젠","KOSDAQ","40",,,"7.71","5.78","유형3"
"2021/05/24","2021/05/25","2021/05/25","204270","제이앤티씨","KOSDAQ","21",,,"6.48","6.42","유형3"
"2021/05/21","2021/05/24","2021/05/24","022100","포스코 ICT","KOSDAQ","40",,,"7.97","6.23","유형3"
"2021/05/20","2021/05/21","2021/05/21","032190","다우데이타","KOSDAQ","40",,,"5.90","8.32","유형3"
"2021/05/20","2021/05/21","2021/05/21","088800","에이스테크","KOSDAQ","40",,,"5.75","5.25","유형3"
"2021/05/20","2021/05/21","2021/05/21","039200","오스코텍","KOSDAQ","40",,,"6.32","6.70","유형3"
"2021/05/20","2021/05/21","2021/05/21","078020","이베스트투자증권","KOSDAQ","40",,,"5.06","6.26","유형3"
"2021/05/18","2021/05/20","2021/05/20","006730","서부T&D","KOSDAQ","40",,,"8.44","5.14","유형3"
"2021/05/18","2021/05/20","2021/05/20","041510","에스엠","KOSDAQ","40",,,"5.49","8.35","유형3"
"2021/05/18","2021/05/20","2021/05/20","048530","인트론바이오","KOSDAQ","40",,,"7.74","5.29","유형3"
"2021/05/18","2021/05/20","2021/05/20","095700","제넥신","KOSDAQ","40",,,"7.11","9.87","유형3"
"2021/05/18","2021/05/20","2021/05/20","048410","현대바이오","KOSDAQ","40",,,"5.65","5.33","유형3"
"2021/05/17","2021/05/18","2021/05/18","143240","사람인에이치알","KOSDAQ","40",,,"5.78","6.38","유형3"
"2021/05/17","2021/05/18","2021/05/18","108320","실리콘웍스","KOSDAQ","40",,,"11.43","5.88","유형3"
"2021/05/17","2021/05/18","2021/05/18","237690","에스티팜","KOSDAQ","40",,,"7.00","5.99","유형3"
"2021/05/17","2021/05/18","2021/05/18","078020","이베스트투자증권","KOSDAQ","40",,,"5.32","6.02","유형3"
"2021/05/14","2021/05/17","2021/05/17","215000","골프존","KOSDAQ","40",,,"7.91","5.01","유형3"
"2021/05/14","2021/05/17","2021/05/17","035810","이지홀딩스","KOSDAQ","40",,,"6.19","5.01","유형3"
"2021/05/14","2021/05/17","2021/05/17","048410","현대바이오","KOSDAQ","40",,,"8.72","5.42","유형3"
"2021/05/13","2021/05/14","2021/05/14","032190","다우데이타","KOSDAQ","40",,,"6.21","8.95","유형3"
"2021/05/13","2021/05/14","2021/05/14","143240","사람인에이치알","KOSDAQ","40",,,"6.52","5.95","유형3"
"2021/05/12","2021/05/13","2021/05/13","068760","셀트리온제약","KOSDAQ","40",,,"5.09","8.10","유형3"
"2021/05/12","2021/05/13","2021/05/13","237690","에스티팜","KOSDAQ","40",,,"5.91","5.95","유형3"
"2021/05/12","2021/05/13","2021/05/13","022100","포스코 ICT","KOSDAQ","40",,,"23.03","6.50","유형3"
"2021/05/12","2021/05/13","2021/05/13","048410","현대바이오","KOSDAQ","40",,,"12.14","5.21","유형3"
"2021/05/11","2021/05/12","2021/05/12","078020","이베스트투자증권","KOSDAQ","40",,,"6.21","5.58","유형3"
"2021/05/10","2021/05/11","2021/05/11","144510","녹십자랩셀","KOSDAQ","40",,,"6.12","5.07","유형3"
"2021/05/10","2021/05/11","2021/05/11","237690","에스티팜","KOSDAQ","40",,,"12.51","5.96","유형3"
"2021/05/10","2021/05/11","2021/05/11","183490","엔지켐생명과학","KOSDAQ","40",,,"8.70","9.87","유형3"
"2021/05/10","2021/05/11","2021/05/11","069080","웹젠","KOSDAQ","40",,,"6.27","7.39","유형3"
"2021/05/10","2021/05/11","2021/05/11","022100","포스코 ICT","KOSDAQ","40",,,"6.51","6.46","유형3"
"2021/05/10","2021/05/11","2021/05/11","048410","현대바이오","KOSDAQ","40",,,"5.06","5.23","유형3"
"2021/05/07","2021/05/10","2021/05/10","000250","삼천당제약","KOSDAQ","40",,,"7.88","5.17","유형3"
"2021/05/07","2021/05/10","2021/05/10","253450","스튜디오드래곤","KOSDAQ","40",,,"6.21","10.75","유형3"
"2021/05/07","2021/05/10","2021/05/10","078020","이베스트투자증권","KOSDAQ","40",,,"8.07","5.26","유형3"
"2021/05/07","2021/05/10","2021/05/10","042000","카페24","KOSDAQ","40",,,"8.07","9.86","유형3"
"2021/05/06","2021/05/07","2021/05/07","144510","녹십자랩셀","KOSDAQ","40",,,"11.85","5.06","유형3"
"2021/05/06","2021/05/07","2021/05/07","065660","안트로젠","KOSDAQ","40",,,"7.89","6.34","유형3"
"2021/05/06","2021/05/07","2021/05/07","237690","에스티팜","KOSDAQ","40",,,"15.83","5.67","유형3"
"2021/05/06","2021/05/07","2021/05/07","182400","엔케이맥스","KOSDAQ","38",,,"10.29","12.69","유형3"
"2021/05/06","2021/05/07","2021/05/07","069080","웹젠","KOSDAQ","40",,,"7.13","7.25","유형3"
"2021/05/06","2021/05/07","2021/05/07","095700","제넥신","KOSDAQ","39",,,"6.70","9.77","유형3"
"2021/05/06","2021/05/07","2021/05/07","200130","콜마비앤에이치","KOSDAQ","40",,,"17.32","7.23","유형3"
"2021/05/06","2021/05/07","2021/05/07","064760","티씨케이","KOSDAQ","40",,,"6.32","7.91","유형3"
"2021/05/06","2021/05/07","2021/05/07","022100","포스코 ICT","KOSDAQ","40",,,"9.89","6.45","유형3"
"2021/05/04","2021/05/06","2021/05/06","036930","주성엔지니어링","KOSDAQ","40",,,"5.50","7.45","유형3"
"2021/05/04","2021/05/06","2021/05/06","085660","차바이오텍","KOSDAQ","40",,,"5.46","5.11","유형3"
"2021/05/03","2021/05/04","2021/05/04","144510","녹십자랩셀","KOSDAQ","40",,,"10.42","5.20","유형3"
"2021/05/03","2021/05/04","2021/05/04","032190","다우데이타","KOSDAQ","40",,,"5.29","9.50","유형3"
"2021/05/03","2021/05/04","2021/05/04","141080","레고켐바이오","KOSDAQ","39",,,"8.04","7.82","유형3"
"2021/05/03","2021/05/04","2021/05/04","000250","삼천당제약","KOSDAQ","40",,,"6.46","5.14","유형3"
"2021/05/03","2021/05/04","2021/05/04","038500","삼표시멘트","KOSDAQ","40",,,"19.74","6.63","유형3"
"2021/05/03","2021/05/04","2021/05/04","065660","안트로젠","KOSDAQ","39",,,"11.04","6.20","유형3"
"2021/05/03","2021/05/04","2021/05/04","237690","에스티팜","KOSDAQ","39",,,"12.23","5.75","유형3"
"2021/05/03","2021/05/04","2021/05/04","088800","에이스테크","KOSDAQ","40",,"-12.53","8.85",,"유형2"
"2021/05/03","2021/05/04","2021/05/04","182400","엔케이맥스","KOSDAQ","37",,,"19.26","12.00","유형3"
"2021/05/03","2021/05/04","2021/05/04","069080","웹젠","KOSDAQ","39",,,"13.10","7.10","유형3"
"2021/05/03","2021/05/04","2021/05/04","078020","이베스트투자증권","KOSDAQ","40",,,"8.08","5.11","유형3"
"2021/05/03","2021/05/04","2021/05/04","095700","제넥신","KOSDAQ","38",,,"5.67","9.73","유형3"
"2021/05/03","2021/05/04","2021/05/04","200130","콜마비앤에이치","KOSDAQ","40",,,"11.92","6.68","유형3"
"2021/05/03","2021/05/04","2021/05/04","200230","텔콘RF제약","KOSDAQ","40",,,"5.38","5.53","유형3"
"2021/05/03","2021/05/04","2021/05/04","064760","티씨케이","KOSDAQ","39",,,"7.19","7.87","유형3"
"2021/05/03","2021/05/04","2021/05/04","022100","포스코 ICT","KOSDAQ","40",,,"18.78","5.88","유형3"
"2021/05/03","2021/05/04","2021/05/04","048410","현대바이오","KOSDAQ","40",,,"23.11","5.26","유형3"
"2021/05/03","2021/05/04","2021/05/04","243070","휴온스","KOSDAQ","40",,"-10.58","54.86",,"유형2"
"2020/03/12","2020/03/13","2020/03/26","054620","APS홀딩스","KOSDAQ","40",,"-12.87","2.43",,"유형2"
"2020/03/12","2020/03/13","2020/03/26","241520","DSC인베스트먼트","KOSDAQ","40",,"-10.35","2.01",,"유형2"
"2020/03/12","2020/03/13","2020/03/26","035900","JYP Ent.","KOSDAQ","40","14.46","-9.92","3.72",,"유형1"
"2020/03/12","2020/03/13","2020/03/26","057500","SKC 솔믹스","KOSDAQ","40","14.48","-5.36","3.25",,"유형1"
"2020/03/12","2020/03/13","2020/03/26","290660","네오펙트","KOSDAQ","40",,"-10.97","4.72",,"유형2"
"2020/03/12","2020/03/13","2020/03/26","033640","네패스","KOSDAQ","40",,,"5.27","5.03","유형3"
"2020/03/12","2020/03/13","2020/03/26","041140","넥슨지티","KOSDAQ","40",,"-10.18","2.44",,"유형2"
"2020/03/12","2020/03/13","2020/03/26","234690","녹십자웰빙","KOSDAQ","40",,"-10.15","3.13",,"유형2"
"2020/03/12","2020/03/13","2020/03/26","085670","뉴프렉스","KOSDAQ","40",,"-17.09","22.75",,"유형2"
"2020/03/12","2020/03/13","2020/03/26","317850","대모","KOSDAQ","40",,"-13.76","5.57",,"유형2"
"2020/03/12","2020/03/13","2020/03/26","045390","대아티아이","KOSDAQ","40","13.39","-9.40","4.43",,"유형1"
"2020/03/12","2020/03/13","2020/03/26","067080","대화제약","KOSDAQ","40",,"-10.49","6.76",,"유형2"
"2020/03/12","2020/03/13","2020/03/26","317330","덕산테코피아","KOSDAQ","40",,"-10.74","3.57",,"유형2"
"2020/03/12","2020/03/13","2020/03/26","088130","동아엘텍","KOSDAQ","40",,"-12.23","10.98",,"유형2"
"2020/03/12","2020/03/13","2020/03/26","217620","디딤","KOSDAQ","40",,"-11.73","5.25",,"유형2"
"2020/03/12","2020/03/13","2020/03/26","108490","로보티즈","KOSDAQ","40",,"-10.20","7.76",,"유형2"
"2020/03/12","2020/03/13","2020/03/26","085370","루트로닉","KOSDAQ","40",,"-12.34","2.53",,"유형2"
"2020/03/12","2020/03/13","2020/03/26","147760","마이크로프랜드","KOSDAQ","40",,"-12.70","21.22",,"유형2"
"2020/03/12","2020/03/13","2020/03/26","093520","매커스","KOSDAQ","40",,"-12.84","10.66",,"유형2"
"2020/03/12","2020/03/13","2020/03/26","250060","모비스","KOSDAQ","40",,"-10.16","2.57",,"유형2"
"2020/03/12","2020/03/13","2020/03/26","177350","베셀","KOSDAQ","40",,"-15.12","5.43",,"유형2"
"2020/03/12","2020/03/13","2020/03/26","251630","브이원텍","KOSDAQ","40",,"-12.01","2.08",,"유형2"
"2020/03/12","2020/03/13","2020/03/26","141000","비아트론","KOSDAQ","40",,"-10.15","10.11",,"유형2"
"2020/03/12","2020/03/13","2020/03/26","072950","빛샘전자","KOSDAQ","40",,"-10.69","3.41",,"유형2"
"2020/03/12","2020/03/13","2020/03/26","018310","삼목에스폼","KOSDAQ","40",,"-10.74","49.72",,"유형2"
"2020/03/12","2020/03/13","2020/03/26","263810","상신전자","KOSDAQ","40",,"-12.03","6.51",,"유형2"
"2020/03/12","2020/03/13","2020/03/26","140070","서플러스글로벌","KOSDAQ","40",,"-13.77","6.57",,"유형2"
"2020/03/12","2020/03/13","2020/03/26","171090","선익시스템","KOSDAQ","40",,"-10.77","4.15",,"유형2"
"2020/03/12","2020/03/13","2020/03/26","269620","시스웍","KOSDAQ","40",,"-10.47","2.21",,"유형2"
"2020/03/12","2020/03/13","2020/03/26","108320","실리콘웍스","KOSDAQ","40","12.45","-6.46","2.62",,"유형1"
"2020/03/12","2020/03/13","2020/03/26","136510","쎄미시스코","KOSDAQ","40",,"-13.84","10.07",,"유형2"
"2020/03/12","2020/03/13","2020/03/26","123860","아나패스","KOSDAQ","40",,"-17.92","3.38",,"유형2"
"2020/03/12","2020/03/13","2020/03/26","052710","아모텍","KOSDAQ","40","16.32","-7.94","3.91",,"유형1"
"2020/03/12","2020/03/13","2020/03/26","067390","아스트","KOSDAQ","40",,"-15.32","3.53",,"유형2"
"2020/03/12","2020/03/13","2020/03/26","154030","아시아종묘","KOSDAQ","40",,"-11.70","26.13",,"유형2"
"2020/03/12","2020/03/13","2020/03/26","065660","안트로젠","KOSDAQ","40",,"-10.48","3.35",,"유형2"
"2020/03/12","2020/03/13","2020/03/26","160600","에스엔텍비엠","KOSDAQ","40",,"-12.44","3.94",,"유형2"
"2020/03/12","2020/03/13","2020/03/26","041510","에스엠","KOSDAQ","40",,"-10.35","3.59",,"유형2"
"2020/03/12","2020/03/13","2020/03/26","234300","에스트래픽","KOSDAQ","40",,"-10.72","3.11",,"유형2"
"2020/03/12","2020/03/13","2020/03/26","237690","에스티팜","KOSDAQ","40",,,"9.78","5.53","유형3"
"2020/03/12","2020/03/13","2020/03/26","071670","에이테크솔루션","KOSDAQ","40",,"-10.31","3.38",,"유형2"
"2020/03/12","2020/03/13","2020/03/26","064090","에프앤리퍼블릭","KOSDAQ","40",,"-13.06","2.42",,"유형2"
"2020/03/12","2020/03/13","2020/03/26","066970","엘앤에프","KOSDAQ","40","15.94","-6.54","2.04",,"유형1"
"2020/03/12","2020/03/13","2020/03/26","115960","연우","KOSDAQ","40","19.40","-7.93","4.16",,"유형1"
"2020/03/12","2020/03/13","2020/03/26","036000","예림당","KOSDAQ","40",,"-11.65","2.28",,"유형2"
"2020/03/12","2020/03/13","2020/03/26","046120","오르비텍","KOSDAQ","40",,"-11.90","10.10",,"유형2"
"2020/03/12","2020/03/13","2020/03/26","082210","옵트론텍","KOSDAQ","40","12.83","-8.11","2.12",,"유형1"
"2020/03/12","2020/03/13","2020/03/26","104830","원익머트리얼즈","KOSDAQ","40","14.33","-5.02","3.41",,"유형1"
"2020/03/12","2020/03/13","2020/03/26","069080","웹젠","KOSDAQ","40","14.05","-8.74","5.72",,"유형1"
"2020/03/12","2020/03/13","2020/03/26","313760","윌링스","KOSDAQ","40",,"-11.70","2.15",,"유형2"
"2020/03/12","2020/03/13","2020/03/26","054210","이랜텍","KOSDAQ","40",,"-11.26","7.06",,"유형2"
"2020/03/12","2020/03/13","2020/03/26","095190","이엠코리아","KOSDAQ","40",,"-10.46","2.49",,"유형2"
"2020/03/12","2020/03/13","2020/03/26","035810","이지바이오","KOSDAQ","40",,"-10.67","4.34",,"유형2"
"2020/03/12","2020/03/13","2020/03/26","060150","인선이엔티","KOSDAQ","40","12.93","-5.79","5.07",,"유형1"
"2020/03/12","2020/03/13","2020/03/26","950140","잉글우드랩","KOSDAQ","40",,"-10.31","225.76",,"유형2"
"2020/03/12","2020/03/13","2020/03/26","049550","잉크테크","KOSDAQ","40",,"-10.16","3.48",,"유형2"
"2020/03/12","2020/03/13","2020/03/26","126880","제이엔케이히터","KOSDAQ","40","12.67","-5.26","3.60",,"유형1"
"2020/03/12","2020/03/13","2020/03/26","036930","주성엔지니어링","KOSDAQ","40","13.69","-8.85","3.32",,"유형1"
"2020/03/12","2020/03/13","2020/03/26","228760","지노믹트리","KOSDAQ","40",,"-10.72","3.94",,"유형2"
"2020/03/12","2020/03/13","2020/03/26","219750","지티지웰니스","KOSDAQ","40",,"-11.85","3.30",,"유형2"
"2020/03/12","2020/03/13","2020/03/26","123410","코리아에프티","KOSDAQ","40",,"-10.73","2.00",,"유형2"
"2020/03/12","2020/03/13","2020/03/26","044490","태웅","KOSDAQ","40","13.48","-8.11","3.74",,"유형1"
"2020/03/12","2020/03/13","2020/03/26","191420","테고사이언스","KOSDAQ","40",,"-11.55","3.22",,"유형2"
"2020/03/12","2020/03/13","2020/03/26","182690","테라셈","KOSDAQ","39",,"-15.61","2.36",,"유형2"
"2020/03/12","2020/03/13","2020/03/26","026150","특수건설","KOSDAQ","40",,"-10.88","2.16",,"유형2"
"2020/03/12","2020/03/13","2020/03/26","064760","티씨케이","KOSDAQ","40",,,"6.97","7.30","유형3"
"2020/03/12","2020/03/13","2020/03/26","081150","티플랙스","KOSDAQ","40",,"-12.24","8.70",,"유형2"
"2020/03/12","2020/03/13","2020/03/26","046210","파나진","KOSDAQ","40",,"-10.29","4.01",,"유형2"
"2020/03/12","2020/03/13","2020/03/26","032580","피델릭스","KOSDAQ","40",,"-10.88","2.02",,"유형2"
"2020/03/12","2020/03/13","2020/03/26","318000","한국바이오젠","KOSDAQ","40",,"-11.16","2.25",,"유형2"
"2020/03/12","2020/03/13","2020/03/26","070300","한솔시큐어","KOSDAQ","40",,"-19.31","7.16",,"유형2"
"2020/03/12","2020/03/13","2020/03/26","039610","화성밸브","KOSDAQ","40",,"-11.62","2.26",,"유형2"
"2020/03/12","2020/03/13","2020/03/26","290270","휴네시온","KOSDAQ","40",,"-12.91","3.86",,"유형2"
"2020/03/11","2020/03/12","2020/03/25","058820","CMG제약","KOSDAQ","40","20.75","-5.78","3.73",,"유형1"
"2020/03/11","2020/03/12","2020/03/25","099220","SDN","KOSDAQ","40","12.23","-6.70","5.28",,"유형1"
"2020/03/11","2020/03/12","2020/03/25","214260","라파스","KOSDAQ","40",,"-10.89","2.17",,"유형2"
"2020/03/11","2020/03/12","2020/03/25","235980","메드팩토","KOSDAQ","40",,"-21.09","7.02",,"유형2"
"2020/03/11","2020/03/12","2020/03/25","059210","메타바이오메드","KOSDAQ","40","12.58","-7.20","8.10",,"유형1"
"2020/03/11","2020/03/12","2020/03/25","257370","명성티엔에스","KOSDAQ","40",,"-10.66","2.06",,"유형2"
"2020/03/11","2020/03/12","2020/03/25","288330","브릿지바이오테라퓨틱스","KOSDAQ","40",,"-15.28","4.45",,"유형2"
"2020/03/11","2020/03/12","2020/03/25","293780","압타바이오","KOSDAQ","40",,"-11.25","3.07",,"유형2"
"2020/03/11","2020/03/12","2020/03/25","052020","에스티큐브","KOSDAQ","40",,"-11.77","4.57",,"유형2"
"2020/03/11","2020/03/12","2020/03/25","298380","에이비엘바이오","KOSDAQ","40",,"-16.22","6.01",,"유형2"
"2020/03/11","2020/03/12","2020/03/25","183490","엔지켐생명과학","KOSDAQ","40",,"-13.92","2.24",,"유형2"
"2020/03/11","2020/03/12","2020/03/25","182400","엔케이맥스","KOSDAQ","40","17.21","-6.38","2.68",,"유형1"
"2020/03/11","2020/03/12","2020/03/25","039200","오스코텍","KOSDAQ","40",,"-14.49","15.74",,"유형2"
"2020/03/11","2020/03/12","2020/03/25","179900","유티아이","KOSDAQ","40",,"-10.07","2.89",,"유형2"
"2020/03/11","2020/03/12","2020/03/25","263050","유틸렉스","KOSDAQ","40",,"-17.17","7.76",,"유형2"
"2020/03/11","2020/03/12","2020/03/25","049070","인탑스","KOSDAQ","40","13.70","-5.65","4.26",,"유형1"
"2020/03/11","2020/03/12","2020/03/25","095700","제넥신","KOSDAQ","40",,"-15.49","4.79",,"유형2"
"2020/03/11","2020/03/12","2020/03/25","066700","테라젠이텍스","KOSDAQ","40",,"-10.00","2.77",,"유형2"
"2020/03/11","2020/03/12","2020/03/25","087010","펩트론","KOSDAQ","40",,"-18.81","3.37",,"유형2"
"2020/03/11","2020/03/12","2020/03/25","141020","포티스","KOSDAQ","40",,"-26.47","8.46",,"유형2"
"2020/03/11","2020/03/12","2020/03/25","237750","피앤씨테크","KOSDAQ","40",,"-14.87","5.66",,"유형2"
"2020/03/10","2020/03/11","2020/03/24","127120","디엔에이링크","KOSDAQ","40",,"-12.11","15.90",,"유형2"
"2020/03/10","2020/03/11","2020/03/24","038290","마크로젠","KOSDAQ","40",,"-15.34","3.93",,"유형2"
"2020/03/10","2020/03/11","2020/03/24","096530","씨젠","KOSDAQ","40",,"-12.90","8.35",,"유형2"
"2020/03/10","2020/03/11","2020/03/24","124500","아이티센","KOSDAQ","40","14.35","-7.92","33.06",,"유형1"
"2020/03/10","2020/03/11","2020/03/24","174900","앱클론","KOSDAQ","40",,,"5.04","5.25","유형3"
"2020/03/10","2020/03/11","2020/03/24","950130","엑세스바이오","KOSDAQ","40",,"-11.84","4.03",,"유형2"
"2020/03/10","2020/03/11","2020/03/24","037950","엘컴텍","KOSDAQ","40",,"-10.12","2.27",,"유형2"
"2020/03/10","2020/03/11","2020/03/24","053980","오상자이엘","KOSDAQ","40",,"-17.25","5.19",,"유형2"
"2020/03/10","2020/03/11","2020/03/24","048530","인트론바이오","KOSDAQ","40",,"-13.21","10.28",,"유형2"
"2020/03/10","2020/03/11","2020/03/24","026040","제이에스티나","KOSDAQ","40",,"-12.19","5.28",,"유형2"
"2020/03/09","2020/03/10","2020/03/10","033500","동성화인텍","KOSDAQ","40",,"-13.65","14.32",,"유형2"
"2020/03/09","2020/03/10","2020/03/10","037350","성도이엔지","KOSDAQ","40","18.26","-5.08","13.94",,"유형1"
"2020/03/09","2020/03/10","2020/03/10","052020","에스티큐브","KOSDAQ","40",,"-10.20","5.92",,"유형2"
"2020/03/09","2020/03/10","2020/03/10","065680","우주일렉트로","KOSDAQ","40",,"-17.22","5.36",,"유형2"
"2020/03/09","2020/03/10","2020/03/10","136540","윈스","KOSDAQ","40","21.56","-6.45","17.39",,"유형1"
"2020/03/09","2020/03/10","2020/03/10","041830","인바디","KOSDAQ","40","25.08","-6.01","5.49",,"유형1"
"2020/03/09","2020/03/10","2020/03/10","041960","코미팜","KOSDAQ","40",,,"5.15","9.80","유형3"
"2020/03/06","2020/03/09","2020/03/09","096530","씨젠","KOSDAQ","40",,,"6.02","5.77","유형3"
"2020/03/06","2020/03/09","2020/03/09","058220","아리온","KOSDAQ","40",,"-25.85","5.45",,"유형2"
"2020/03/06","2020/03/09","2020/03/09","174900","앱클론","KOSDAQ","40",,,"5.08","5.33","유형3"
"2020/03/06","2020/03/09","2020/03/09","095270","웨이브일렉트로","KOSDAQ","40",,"-11.46","7.52",,"유형2"
"2020/03/06","2020/03/09","2020/03/09","317320","한화에스비아이스팩","KOSDAQ","40",,"-10.14","11.29",,"유형2"
"2020/03/05","2020/03/06","2020/03/06","016100","리더스코스메틱","KOSDAQ","40",,,"6.51","5.36","유형3"
"2020/03/05","2020/03/06","2020/03/06","052020","에스티큐브","KOSDAQ","40","13.63","-6.23","16.24",,"유형1"
"2020/03/05","2020/03/06","2020/03/06","183490","엔지켐생명과학","KOSDAQ","40",,,"5.04","10.14","유형3"
"2020/03/05","2020/03/06","2020/03/06","051380","피씨디렉트","KOSDAQ","40",,"-13.10","7.33",,"유형2"
"2020/03/04","2020/03/05","2020/03/05","086900","메디톡스","KOSDAQ","40",,,"6.50","13.28","유형3"
"2020/03/04","2020/03/05","2020/03/05","174900","앱클론","KOSDAQ","40",,,"10.24","5.36","유형3"
"2020/03/03","2020/03/04","2020/03/04","215200","메가스터디교육","KOSDAQ","40",,,"7.80","6.10","유형3"
"2020/03/03","2020/03/04","2020/03/04","052020","에스티큐브","KOSDAQ","40",,,"14.16","6.37","유형3"
"2020/03/03","2020/03/04","2020/03/04","026040","제이에스티나","KOSDAQ","40",,"-10.07","7.47",,"유형2"
"2020/03/03","2020/03/04","2020/03/04","041960","코미팜","KOSDAQ","40",,"-11.16","8.65",,"유형2"
"2020/03/03","2020/03/04","2020/03/04","065130","탑엔지니어링","KOSDAQ","40",,"-10.29","8.07",,"유형2"
"2020/03/02","2020/03/03","2020/03/03","096530","씨젠","KOSDAQ","40",,,"7.67","5.67","유형3"
"2020/02/28","2020/03/02","2020/03/02","265520","AP시스템","KOSDAQ","40","23.49","-7.45","5.11",,"유형1"
"2020/02/28","2020/03/02","2020/03/02","900290","GRT","KOSDAQ","40","15.39","-5.62","15.64",,"유형1"
"2020/02/28","2020/03/02","2020/03/02","046440","KG모빌리언스","KOSDAQ","40",,"-11.15","11.68",,"유형2"
"2020/02/28","2020/03/02","2020/03/02","048910","대원미디어","KOSDAQ","40","14.80","-6.50","6.89",,"유형1"
"2020/02/28","2020/03/02","2020/03/02","099410","동방선기","KOSDAQ","40",,"-14.63","5.12",,"유형2"
"2020/02/28","2020/03/02","2020/03/02","024950","삼천리자전거","KOSDAQ","40","15.24","-7.38","9.26",,"유형1"
"2020/02/28","2020/03/02","2020/03/02","019990","에너토크","KOSDAQ","40",,"-10.95","6.65",,"유형2"
"2020/02/28","2020/03/02","2020/03/02","097520","엠씨넥스","KOSDAQ","40","14.44","-7.12","9.20",,"유형1"
"2020/02/28","2020/03/02","2020/03/02","039200","오스코텍","KOSDAQ","40",,,"5.39","7.56","유형3"
"2020/02/28","2020/03/02","2020/03/02","023410","유진기업","KOSDAQ","40",,,"6.19","6.31","유형3"
"2020/02/28","2020/03/02","2020/03/02","181340","이즈미디어","KOSDAQ","40",,"-11.62","7.01",,"유형2"
"2020/02/28","2020/03/02","2020/03/02","101670","코리아에스이","KOSDAQ","40",,"-13.71","159.01",,"유형2"
"2020/02/28","2020/03/02","2020/03/02","041960","코미팜","KOSDAQ","40",,,"12.75","10.41","유형3"
"2020/02/28","2020/03/02","2020/03/02","108230","톱텍","KOSDAQ","40",,"-17.72","7.93",,"유형2"
"2020/02/28","2020/03/02","2020/03/02","016670","포비스티앤씨","KOSDAQ","40","12.05","-6.50","6.53",,"유형1"
"2020/02/28","2020/03/02","2020/03/02","300080","플리토","KOSDAQ","40",,"-10.91","24.25",,"유형2"
"2020/02/28","2020/03/02","2020/03/02","062970","피피아이","KOSDAQ","40",,"-10.48","5.52",,"유형2"
"2020/02/27","2020/02/28","2020/02/28","290120","대유에이피","KOSDAQ","40",,"-24.90","20.64",,"유형2"
"2020/02/27","2020/02/28","2020/02/28","053450","세코닉스","KOSDAQ","40","16.66","-6.44","7.79",,"유형1"
"2020/02/27","2020/02/28","2020/02/28","122990","와이솔","KOSDAQ","40","14.89","-6.03","5.34",,"유형1"
"2020/02/27","2020/02/28","2020/02/28","042000","카페24","KOSDAQ","40",,"-22.27","10.55",,"유형2"
"2020/02/27","2020/02/28","2020/02/28","056360","코위버","KOSDAQ","40",,"-11.89","23.47",,"유형2"
"2020/02/27","2020/02/28","2020/02/28","065130","탑엔지니어링","KOSDAQ","40",,"-19.33","5.46",,"유형2"
"2020/02/27","2020/02/28","2020/02/28","150900","파수닷컴","KOSDAQ","40",,"-11.30","12.72",,"유형2"
"2020/02/26","2020/02/27","2020/02/27","060570","드림어스컴퍼니","KOSDAQ","40",,,"7.63","5.18","유형3"
"2020/02/26","2020/02/27","2020/02/27","222810","한류AI센터","KOSDAQ","40",,"-12.99","30.86",,"유형2"
"2020/02/25","2020/02/26","2020/02/26","130500","GH신소재","KOSDAQ","40",,"-16.92","5.43",,"유형2"
"2020/02/25","2020/02/26","2020/02/26","215200","메가스터디교육","KOSDAQ","40",,,"5.71","6.22","유형3"
"2020/02/25","2020/02/26","2020/02/26","001810","무림SP","KOSDAQ","40",,"-11.27","5.94",,"유형2"
"2020/02/25","2020/02/26","2020/02/26","200780","비씨월드제약","KOSDAQ","40",,"-13.74","13.99",,"유형2"
"2020/02/25","2020/02/26","2020/02/26","022220","정산애강","KOSDAQ","40",,"-10.90","12.14",,"유형2"
"2020/02/25","2020/02/26","2020/02/26","086250","화신테크","KOSDAQ","40",,"-23.92","5.70",,"유형2"
"2020/02/24","2020/02/25","2020/02/25","053290","NE능률","KOSDAQ","40",,"-22.60","6.85",,"유형2"
"2020/02/24","2020/02/25","2020/02/25","091340","S&K폴리텍","KOSDAQ","40",,"-12.20","6.94",,"유형2"
"2020/02/24","2020/02/25","2020/02/25","041140","넥슨지티","KOSDAQ","40","13.29","-7.13","5.36",,"유형1"
"2020/02/24","2020/02/25","2020/02/25","099410","동방선기","KOSDAQ","40",,"-12.05","15.77",,"유형2"
"2020/02/24","2020/02/25","2020/02/25","060570","드림어스컴퍼니","KOSDAQ","40",,,"10.23","5.21","유형3"
"2020/02/24","2020/02/25","2020/02/25","068930","디지털대성","KOSDAQ","40",,"-13.04","15.84",,"유형2"
"2020/02/24","2020/02/25","2020/02/25","033310","디케이디앤아이","KOSDAQ","40",,"-13.27","8.18",,"유형2"
"2020/02/24","2020/02/25","2020/02/25","035890","서희건설","KOSDAQ","40","15.38","-5.05","8.96",,"유형1"
"2020/02/24","2020/02/25","2020/02/25","015750","성우하이텍","KOSDAQ","40","12.94","-7.14","9.63",,"유형1"
"2020/02/24","2020/02/25","2020/02/25","020710","시공테크","KOSDAQ","40",,"-10.92","10.30",,"유형2"
"2020/02/24","2020/02/25","2020/02/25","226330","신테카바이오","KOSDAQ","40",,"-14.22","5.70",,"유형2"
"2020/02/24","2020/02/25","2020/02/25","096530","씨젠","KOSDAQ","40",,,"6.18","5.06","유형3"
"2020/02/24","2020/02/25","2020/02/25","234300","에스트래픽","KOSDAQ","40","17.24","-8.23","24.83",,"유형1"
"2020/02/24","2020/02/25","2020/02/25","239610","에이치엘사이언스","KOSDAQ","40",,"-10.00","16.95",,"유형2"
"2020/02/24","2020/02/25","2020/02/25","065440","이루온","KOSDAQ","40",,"-11.55","51.41",,"유형2"
"2020/02/24","2020/02/25","2020/02/25","043910","자연과환경","KOSDAQ","40",,"-13.65","5.90",,"유형2"
"2020/02/24","2020/02/25","2020/02/25","317530","캐리소프트","KOSDAQ","40",,"-13.04","5.95",,"유형2"
"2020/02/24","2020/02/25","2020/02/25","044490","태웅","KOSDAQ","40",,,"9.87","5.57","유형3"
"2020/02/24","2020/02/25","2020/02/25","016670","포비스티앤씨","KOSDAQ","40",,"-12.35","9.46",,"유형2"
"2020/02/24","2020/02/25","2020/02/25","050090","휘닉스소재","KOSDAQ","40",,"-11.76","19.96",,"유형2"
"2020/02/24","2020/02/25","2020/02/25","090710","휴림로봇","KOSDAQ","40","12.12","-5.00","8.51",,"유형1"
"2020/02/21","2020/02/24","2020/02/24","079960","동양이엔피","KOSDAQ","40",,"-11.46","25.72",,"유형2"
"2020/02/21","2020/02/24","2020/02/24","215200","메가스터디교육","KOSDAQ","40",,,"9.00","6.14","유형3"
"2020/02/21","2020/02/24","2020/02/24","065650","메디프론","KOSDAQ","40",,"-13.63","18.88",,"유형2"
"2020/02/21","2020/02/24","2020/02/24","263050","유틸렉스","KOSDAQ","40",,,"7.06","8.61","유형3"
"2020/02/20","2020/02/21","2020/02/21","060570","드림어스컴퍼니","KOSDAQ","40",,,"10.01","5.40","유형3"
"2020/02/20","2020/02/21","2020/02/21","263540","샘코","KOSDAQ","40",,"-15.49","7.95",,"유형2"
"2020/02/19","2020/02/20","2020/02/20","073570","WI","KOSDAQ","40",,"-11.63","30.10",,"유형2"
"2020/02/18","2020/02/19","2020/02/19","052300","W홀딩컴퍼니","KOSDAQ","40",,"-13.48","7.68",,"유형2"
"2020/02/18","2020/02/19","2020/02/19","025440","대성엘텍","KOSDAQ","40",,"-10.77","5.98",,"유형2"
"2020/02/18","2020/02/19","2020/02/19","039840","디오","KOSDAQ","40",,,"5.12","8.01","유형3"
"2020/02/18","2020/02/19","2020/02/19","091580","상신이디피","KOSDAQ","40",,"-13.01","8.68",,"유형2"
"2020/02/18","2020/02/19","2020/02/19","025980","아난티","KOSDAQ","40",,"-11.93","6.73",,"유형2"
"2020/02/18","2020/02/19","2020/02/19","016600","큐캐피탈","KOSDAQ","40",,"-11.92","10.41",,"유형2"
"2020/02/18","2020/02/19","2020/02/19","066110","한프","KOSDAQ","40",,"-29.83","5.20",,"유형2"
"2020/02/17","2020/02/18","2020/02/18","060570","드림어스컴퍼니","KOSDAQ","40",,,"33.49","5.48","유형3"
"2020/02/17","2020/02/18","2020/02/18","264660","씨앤지하이테크","KOSDAQ","40",,"-13.17","12.38",,"유형2"
"2020/02/17","2020/02/18","2020/02/18","247540","에코프로비엠","KOSDAQ","40",,,"5.34","6.02","유형3"
"2020/02/17","2020/02/18","2020/02/18","091700","파트론","KOSDAQ","40",,,"5.03","10.45","유형3"
"2020/02/14","2020/02/17","2020/02/17","036030","KTH","KOSDAQ","40",,"-15.86","9.71",,"유형2"
"2020/02/14","2020/02/17","2020/02/17","063440","SM Life Design","KOSDAQ","40",,"-10.33","5.96",,"유형2"
"2020/02/14","2020/02/17","2020/02/17","290380","대유","KOSDAQ","40",,"-11.03","9.80",,"유형2"
"2020/02/14","2020/02/17","2020/02/17","141080","레고켐바이오","KOSDAQ","40",,,"5.96","5.42","유형3"
"2020/02/14","2020/02/17","2020/02/17","263920","블러썸엠앤씨","KOSDAQ","40",,"-11.14","11.70",,"유형2"
"2020/02/14","2020/02/17","2020/02/17","046890","서울반도체","KOSDAQ","40",,,"5.75","10.66","유형3"
"2020/02/14","2020/02/17","2020/02/17","253450","스튜디오드래곤","KOSDAQ","40",,,"6.36","10.49","유형3"
"2020/02/14","2020/02/17","2020/02/17","016600","큐캐피탈","KOSDAQ","40",,"-11.31","17.93",,"유형2"
"2020/02/14","2020/02/17","2020/02/17","084990","헬릭스미스","KOSDAQ","40",,"-12.14","6.35",,"유형2"
"2020/02/13","2020/02/14","2020/02/14","182400","엔케이맥스","KOSDAQ","40",,,"12.38","5.90","유형3"
"2020/02/12","2020/02/13","2020/02/13","032500","케이엠더블유","KOSDAQ","40",,,"7.33","7.78","유형3"
"2020/02/12","2020/02/13","2020/02/13","029960","코엔텍","KOSDAQ","40",,,"10.57","8.23","유형3"
"2020/02/11","2020/02/12","2020/02/12","247540","에코프로비엠","KOSDAQ","40",,,"7.24","6.49","유형3"
"2020/02/10","2020/02/11","2020/02/11","092730","네오팜","KOSDAQ","40",,"-10.26","9.76",,"유형2"
"2020/02/10","2020/02/11","2020/02/11","257370","명성티엔에스","KOSDAQ","40",,"-29.64","5.30",,"유형2"
"2020/02/07","2020/02/10","2020/02/10","080440","에스제이케이","KOSDAQ","25",,"-22.91","11.96",,"유형2"
"2020/02/07","2020/02/10","2020/02/10","086520","에코프로","KOSDAQ","40",,,"9.41","5.20","유형3"
"2020/02/07","2020/02/10","2020/02/10","247540","에코프로비엠","KOSDAQ","40",,,"7.82","6.81","유형3"
"2020/02/05","2020/02/06","2020/02/06","036490","SK머티리얼즈","KOSDAQ","40",,,"5.64","7.89","유형3"
"2020/02/05","2020/02/06","2020/02/06","100030","모바일리더","KOSDAQ","40",,"-14.62","22.66",,"유형2"
"2020/02/05","2020/02/06","2020/02/06","092040","아미코젠","KOSDAQ","40",,,"8.77","7.28","유형3"
"2020/02/05","2020/02/06","2020/02/06","230360","에코마케팅","KOSDAQ","40",,"-22.19","25.56",,"유형2"
"2020/02/05","2020/02/06","2020/02/06","215090","유니맥스글로벌","KOSDAQ","40",,"-29.74","6.19",,"유형2"
"2020/02/05","2020/02/06","2020/02/06","241820","피씨엘","KOSDAQ","40",,"-15.32","8.15",,"유형2"
"2020/02/04","2020/02/05","2020/02/05","066970","엘앤에프","KOSDAQ","40",,,"6.25","6.31","유형3"
"2020/02/03","2020/02/04","2020/02/04","080160","모두투어","KOSDAQ","40",,,"5.54","6.63","유형3"
"2020/02/03","2020/02/04","2020/02/04","101330","모베이스","KOSDAQ","40",,"-10.67","11.92",,"유형2"
"2020/02/03","2020/02/04","2020/02/04","059090","미코","KOSDAQ","40",,"-12.42","5.42",,"유형2"
"2020/02/03","2020/02/04","2020/02/04","253840","수젠텍","KOSDAQ","40",,"-13.75","5.98",,"유형2"
"2020/02/03","2020/02/04","2020/02/04","049830","승일","KOSDAQ","40",,"-22.66","9.22",,"유형2"
"2020/02/03","2020/02/04","2020/02/04","052460","아이크래프트","KOSDAQ","40",,"-10.56","31.51",,"유형2"
"2020/02/03","2020/02/04","2020/02/04","086520","에코프로","KOSDAQ","40",,,"10.84","5.23","유형3"
"2020/02/03","2020/02/04","2020/02/04","247540","에코프로비엠","KOSDAQ","40",,,"5.81","7.33","유형3"
"2020/02/03","2020/02/04","2020/02/04","900300","오가닉티코스메틱","KOSDAQ","40",,"-15.77","5.89",,"유형2"
"2020/02/03","2020/02/04","2020/02/04","045060","오공","KOSDAQ","40",,"-15.10","5.44",,"유형2"
"2020/02/03","2020/02/04","2020/02/04","034230","파라다이스","KOSDAQ","40",,,"5.37","6.19","유형3"
"2020/02/03","2020/02/04","2020/02/04","221840","하이즈항공","KOSDAQ","40",,"-12.60","21.08",,"유형2"
"2020/01/31","2020/02/03","2020/02/03","030190","NICE평가정보","KOSDAQ","40",,,"7.49","7.19","유형3"
"2020/01/31","2020/02/03","2020/02/03","039860","나노엔텍","KOSDAQ","40",,"-10.75","9.37",,"유형2"
"2020/01/31","2020/02/03","2020/02/03","090410","덕신하우징","KOSDAQ","40",,"-14.52","5.59",,"유형2"
"2020/01/31","2020/02/03","2020/02/03","019570","리더스 기술투자","KOSDAQ","40",,"-22.05","32.25",,"유형2"
"2020/01/31","2020/02/03","2020/02/03","058110","멕아이씨에스","KOSDAQ","40",,"-21.80","6.98",,"유형2"
"2020/01/31","2020/02/03","2020/02/03","090460","비에이치","KOSDAQ","40","17.04","-7.02","5.93",,"유형1"
"2020/01/31","2020/02/03","2020/02/03","224060","코디엠","KOSDAQ","40",,"-16.16","22.54",,"유형2"
"2020/01/31","2020/02/03","2020/02/03","030520","한글과컴퓨터","KOSDAQ","40",,,"5.34","6.08","유형3"
"2020/01/30","2020/01/31","2020/01/31","049830","승일","KOSDAQ","40",,"-10.85","27.98",,"유형2"
"2020/01/30","2020/01/31","2020/01/31","013990","아가방컴퍼니","KOSDAQ","40",,,"6.43","5.46","유형3"
"2020/01/30","2020/01/31","2020/01/31","122990","와이솔","KOSDAQ","40",,,"5.37","5.88","유형3"
"2020/01/30","2020/01/31","2020/01/31","101730","조이맥스","KOSDAQ","40",,"-23.11","36.18",,"유형2"
"2020/01/30","2020/01/31","2020/01/31","036890","진성티이씨","KOSDAQ","40",,,"8.61","5.45","유형3"
"2020/01/30","2020/01/31","2020/01/31","032500","케이엠더블유","KOSDAQ","40","17.33","-5.58","5.24",,"유형1"
"2020/01/30","2020/01/31","2020/01/31","041960","코미팜","KOSDAQ","40",,,"6.03","7.86","유형3"
"2020/01/30","2020/01/31","2020/01/31","034230","파라다이스","KOSDAQ","40",,,"5.02","5.69","유형3"
"2020/01/29","2020/01/30","2020/01/30","065170","넥스트BT","KOSDAQ","40",,"-10.40","11.79",,"유형2"
"2020/01/29","2020/01/30","2020/01/30","090460","비에이치","KOSDAQ","40",,,"13.56","5.71","유형3"
"2020/01/29","2020/01/30","2020/01/30","038070","서린바이오","KOSDAQ","40",,"-14.23","8.96",,"유형2"
"2020/01/29","2020/01/30","2020/01/30","112040","위메이드","KOSDAQ","40",,,"5.53","5.95","유형3"
"2020/01/29","2020/01/30","2020/01/30","091120","이엠텍","KOSDAQ","40",,"-17.41","39.70",,"유형2"
"2020/01/29","2020/01/30","2020/01/30","061250","화일약품","KOSDAQ","40",,"-10.56","14.03",,"유형2"
"2020/01/28","2020/01/29","2020/01/29","950170","JTC","KOSDAQ","40",,"-13.42","154.56",,"유형2"
"2020/01/28","2020/01/29","2020/01/29","039840","디오","KOSDAQ","40","16.85","-7.45","5.60",,"유형1"
"2020/01/28","2020/01/29","2020/01/29","327260","메탈라이프","KOSDAQ","20",,"-10.19","15.73",,"유형2"
"2020/01/28","2020/01/29","2020/01/29","059090","미코","KOSDAQ","40","15.93","-6.01","11.71",,"유형1"
"2020/01/28","2020/01/29","2020/01/29","018290","브이티지엠피","KOSDAQ","40",,"-13.27","8.87",,"유형2"
"2020/01/28","2020/01/29","2020/01/29","006730","서부T&D","KOSDAQ","40",,"-10.08","17.92",,"유형2"
"2020/01/28","2020/01/29","2020/01/29","067770","세진티에스","KOSDAQ","40",,"-12.22","39.73",,"유형2"
"2020/01/28","2020/01/29","2020/01/29","013990","아가방컴퍼니","KOSDAQ","40",,,"17.40","5.89","유형3"
"2020/01/28","2020/01/29","2020/01/29","052710","아모텍","KOSDAQ","40","20.42","-6.26","11.27",,"유형1"
"2020/01/28","2020/01/29","2020/01/29","298380","에이비엘바이오","KOSDAQ","40",,,"5.02","5.20","유형3"
"2020/01/28","2020/01/29","2020/01/29","086520","에코프로","KOSDAQ","40","14.45","-5.29","6.06",,"유형1"
"2020/01/28","2020/01/29","2020/01/29","115960","연우","KOSDAQ","40",,"-12.84","22.67",,"유형2"
"2020/01/28","2020/01/29","2020/01/29","051370","인터플렉스","KOSDAQ","40","13.31","-7.17","8.80",,"유형1"
"2020/01/28","2020/01/29","2020/01/29","036890","진성티이씨","KOSDAQ","40",,,"8.58","5.23","유형3"
"2020/01/28","2020/01/29","2020/01/29","032500","케이엠더블유","KOSDAQ","40","16.31","-7.49","6.21",,"유형1"
"2020/01/28","2020/01/29","2020/01/29","034230","파라다이스","KOSDAQ","40",,"-13.00","11.29",,"유형2"
"2020/01/23","2020/01/28","2020/01/28","036490","SK머티리얼즈","KOSDAQ","40",,,"7.57","8.13","유형3"
"2020/01/23","2020/01/28","2020/01/28","080160","모두투어","KOSDAQ","40",,,"7.21","5.62","유형3"
"2020/01/23","2020/01/28","2020/01/28","090460","비에이치","KOSDAQ","40",,,"5.80","5.56","유형3"
"2020/01/23","2020/01/28","2020/01/28","112040","위메이드","KOSDAQ","40",,,"5.91","5.87","유형3"
"2020/01/23","2020/01/28","2020/01/28","084370","유진테크","KOSDAQ","40",,,"5.01","5.51","유형3"
"2020/01/22","2020/01/23","2020/01/23","013990","아가방컴퍼니","KOSDAQ","40",,,"5.49","6.16","유형3"
"2020/01/22","2020/01/23","2020/01/23","141020","포티스","KOSDAQ","40",,"-24.84","8.88",,"유형2"
"2020/01/21","2020/01/22","2020/01/22","080160","모두투어","KOSDAQ","40",,,"5.95","5.61","유형3"
"2020/01/21","2020/01/22","2020/01/22","900300","오가닉티코스메틱","KOSDAQ","40",,"-18.05","11.00",,"유형2"
"2020/01/20","2020/01/21","2020/01/21","036540","SFA반도체","KOSDAQ","40",,,"5.25","5.41","유형3"
"2020/01/20","2020/01/21","2020/01/21","053800","안랩","KOSDAQ","40",,"-13.69","6.12",,"유형2"
"2020/01/20","2020/01/21","2020/01/21","078070","유비쿼스홀딩스","KOSDAQ","40",,,"8.82","5.04","유형3"
"2020/01/16","2020/01/17","2020/01/17","099520","ITX엠투엠","KOSDAQ","40",,"-12.43","18.56",,"유형2"
"2020/01/16","2020/01/17","2020/01/17","068760","셀트리온제약","KOSDAQ","40",,,"34.12","5.92","유형3"
"2020/01/16","2020/01/17","2020/01/17","091990","셀트리온헬스케어","KOSDAQ","40",,,"7.93","14.61","유형3"
"2020/01/16","2020/01/17","2020/01/17","013990","아가방컴퍼니","KOSDAQ","40",,,"13.51","6.32","유형3"
"2020/01/16","2020/01/17","2020/01/17","040350","큐로컴","KOSDAQ","40","18.45","-5.71","5.48",,"유형1"
"2020/01/15","2020/01/16","2020/01/16","098460","고영","KOSDAQ","40","23.98","-8.77","14.05",,"유형1"
"2020/01/15","2020/01/16","2020/01/16","010170","대한광통신","KOSDAQ","40",,,"5.93","6.09","유형3"
"2020/01/15","2020/01/16","2020/01/16","080160","모두투어","KOSDAQ","40",,,"12.22","5.49","유형3"
"2020/01/14","2020/01/15","2020/01/15","051500","CJ프레시웨이","KOSDAQ","40",,,"8.28","6.77","유형3"
"2020/01/14","2020/01/15","2020/01/15","086900","메디톡스","KOSDAQ","40",,,"6.18","7.79","유형3"
"2020/01/13","2020/01/14","2020/01/14","217480","에스디생명공학","KOSDAQ","40",,,"5.33","5.86","유형3"
"2020/01/13","2020/01/14","2020/01/14","064090","에프앤리퍼블릭","KOSDAQ","40",,,"25.81","8.31","유형3"
"2020/01/13","2020/01/14","2020/01/14","122870","와이지엔터테인먼트","KOSDAQ","40",,,"6.47","6.29","유형3"
"2020/01/13","2020/01/14","2020/01/14","115450","지트리비앤티","KOSDAQ","40",,,"10.36","6.25","유형3"
"2020/01/13","2020/01/14","2020/01/14","027050","코리아나","KOSDAQ","40",,,"5.32","5.07","유형3"
"2020/01/13","2020/01/14","2020/01/14","069110","코스온","KOSDAQ","40",,,"10.91","10.81","유형3"
"2020/01/13","2020/01/14","2020/01/14","025770","한국정보통신","KOSDAQ","40",,,"5.94","12.58","유형3"
"2020/01/10","2020/01/13","2020/01/13","086900","메디톡스","KOSDAQ","40",,,"5.66","7.47","유형3"
"2020/01/10","2020/01/13","2020/01/13","247540","에코프로비엠","KOSDAQ","40",,,"6.04","6.72","유형3"
"2020/01/09","2020/01/10","2020/01/10","030190","NICE평가정보","KOSDAQ","40",,,"8.17","6.81","유형3"
"2020/01/09","2020/01/10","2020/01/10","122870","와이지엔터테인먼트","KOSDAQ","40",,,"5.59","6.27","유형3"
"2020/01/09","2020/01/10","2020/01/10","119500","포메탈","KOSDAQ","40",,"-13.22","8.31",,"유형2"
"2020/01/09","2020/01/10","2020/01/10","025770","한국정보통신","KOSDAQ","40",,,"27.52","13.28","유형3"
"2020/01/09","2020/01/10","2020/01/10","024740","한일단조","KOSDAQ","40",,"-22.69","7.31",,"유형2"
"2020/01/08","2020/01/09","2020/01/09","161570","THE MIDONG","KOSDAQ","40",,"-10.43","14.62",,"유형2"
"2020/01/08","2020/01/09","2020/01/09","217730","강스템바이오텍","KOSDAQ","40","15.09","-5.81","6.61",,"유형1"
"2020/01/08","2020/01/09","2020/01/09","012860","모베이스전자","KOSDAQ","40","25.11","-6.72","11.01",,"유형1"
"2020/01/08","2020/01/09","2020/01/09","074600","원익QnC","KOSDAQ","40",,,"5.35","5.58","유형3"
"2020/01/06","2020/01/07","2020/01/07","035900","JYP Ent.","KOSDAQ","40","20.80","-5.37","9.65",,"유형1"
"2020/01/06","2020/01/07","2020/01/07","035620","바른손이앤에이","KOSDAQ","40",,"-10.45","8.82",,"유형2"
"2020/01/06","2020/01/07","2020/01/07","122870","와이지엔터테인먼트","KOSDAQ","40",,,"11.11","6.19","유형3"
"2020/01/03","2020/01/06","2020/01/06","218410","RFHIC","KOSDAQ","40","18.47","-7.41","23.85",,"유형1"
"2020/01/03","2020/01/06","2020/01/06","183490","엔지켐생명과학","KOSDAQ","40",,,"6.04","6.58","유형3"
"2020/01/03","2020/01/06","2020/01/06","041190","우리기술투자","KOSDAQ","40",,,"5.01","5.30","유형3"
"2020/01/03","2020/01/06","2020/01/06","053590","한국테크놀로지","KOSDAQ","40",,"-14.45","8.17",,"유형2"